店家編號,用戶,評分,日期,評價,評論抓取日期
28700001,jun,1,1 週前,海鮮豆腐鍋，裡面的海鮮就只有一隻蝦，真的太瞎了。  上來看評論，才知道原來這麼低。  踩雷 餐點：1 服務：1 氣氛：1,2025-03-25
28700001,沈辰,1,1 週前,想下班就不要接單 接了之後整鍋裡面都是烏龍麵冬粉 然後主食給白飯，這是想怎樣 服務 外送 餐點：1 服務：1 氣氛：1,2025-03-25
28700001,qwp_clara,4,1 週前,服務 內用 餐點類型 午餐 餐點：3 服務：3 氣氛：3,2025-03-25
28700001,蕭銘德,4,1 個月前,服務 內用 餐點類型 午餐 平均每人消費金額 $1-200 餐點：4 服務：4 氣氛：2,2025-03-25
28700001,王浩浩,1,2 個月前,外帶冷凍的回家煮 份量小也就算了 火鍋料竟然臭酸了！！而且外帶的湯也給到超少的⋯ 服務 外帶 餐點類型 晚餐 平均每人消費金額 $1-200 餐點：1 服務：1 氣氛：1,2025-03-25
28700001,Kai kai Chen,3,2 個月前,海鮮豆腐鍋吃了個寂寞，唯一的海鮮竟然是一隻蝦？ 服務 外送 平均每人消費金額 $1-200 餐點：3 服務：3 氣氛：3,2025-03-25
28700001,Rufio Chu,1,2 個月前,外帶毛髮。 服務 內用 餐點類型 早餐 平均每人消費金額 $1-200 餐點：1 服務：1 氣氛：1,2025-03-25
28700001,Chang,1,4 個月前,吃檳榔抽香菸在煮火鍋🍲食安堪憂 餐點：1 服務：1 氣氛：1,2025-03-25
28700001,阿讓,1,6 個月前,這絕對是我吃過最爛的三媽 第一份量比其他間都少 第二服務態度有夠差 小孩又有夠吵 第三會少東少西 如果叫外送會更有感 直接不給 餐點：1 服務：1 氣氛：1,2025-03-25
28700001,Wei Chiang,1,6 個月前,每鍋價格都已經隨物價調漲了，沒道理料也越來越少吧，海鮮鍋連蛤蜊都不見了..... 服務 外送 餐點類型 午餐 平均每人消費金額 $200-400 餐點：1 服務：1 氣氛：1,2025-03-25
28700001,楊二少,3,7 個月前,餐點：3 服務：5 氣氛：3,2025-03-25
28700001,詹帛杰,1,8 個月前,東西可以吃 沒有氣泡飲 男店員吃檳榔 態度不佳 7/21 我是外送員 來者是客 和氣生財四個字沒有一個字看得懂 問一下做到哪一張 我們可以自行決定要不要轉單 就口氣很不好開嗆 來者是客 餐點：4 服務：1 氣氛：1,2025-03-25
28700001,邱榮麒,5,8 個月前,無評論,2025-03-25
28700001,J,5,8 個月前,這張看似張貼很久的公告，建議店家也可以在外送平台備註，以避免消費糾紛。 餐點類型 午餐 平均每人消費金額 $1-200,2025-03-25
28700001,羅心慧,1,8 個月前,我今天下午5.多 叫了這間外賣 海鮮豆腐鍋180跟麻辣鴨血鍋200 海鮮豆腐如評論所說確實少了一些料 並且漲價 物價在上漲可以理解 但是‼️麻辣鴨血鍋的鴨血 是假鴨血 我老公吃進去說有橡皮的味道 我開始還不相信 結果我一吃 仔細回味 竟然真的有橡皮味 而且味道很重 你說沒熟有腥味就算了 每一塊鴨血都有橡皮的味道會不會太誇張 常吃你們家 之前都不錯吃 但經過這次 從此不管外賣內用都不會在點或是去了 吃了一塊鴨血後 每個都有咬一口都是一樣味道的 滿嘴鴨血味 吃到吐了 後面的東西都沒敢吃了  懷疑是否販售假鴨血 導致人器官身體出問題的食物 服務 外帶 餐點類型 晚餐 平均每人消費金額 $200-400 餐點：1 服務：1 氣氛：3,2025-03-25
28700001,廖淑芬,5,8 個月前,餐點：5 服務：5 氣氛：5,2025-03-25
28700001,steve lee,1,9 個月前,服務態度爛態度不知道在差幾點的 服務 內用 餐點類型 晚餐 平均每人消費金額 $200-400 餐點：1 服務：1 氣氛：1,2025-03-25
28700001,陳思維,5,10 個月前,服務 內用,2025-03-25
28700001,林正川,5,1 年前,餐點：5 服務：5 氣氛：5,2025-03-25
28700001,王慶淳,3,1 年前,真的不太優 餐點：3 服務：3 氣氛：2,2025-03-25
28700001,希希,1,1 年前,老闆態度不知道差幾點 也沒多好吃,2025-03-25
28700001,Lâm Hoàng,5,1 年前,非常精彩,2025-03-25
28700001,Kim Xuyến,5,1 年前,餐點：5 服務：5 氣氛：5,2025-03-25
28700001,Thenhan Tran,5,1 年前,餐點：5 服務：5 氣氛：5,2025-03-25
28700001,Nguyễn Như Huỳnh 06.03.01,5,1 年前,服務 外帶 餐點：5 服務：5 氣氛：5,2025-03-25
28700001,Bình Đỗ,5,1 年前,餐點：5 服務：5 氣氛：5,2025-03-25
28700001,Thanh Đan,5,1 年前,好吃😋 餐點：5 服務：5 氣氛：5,2025-03-25
28700001,許耀升,1,1 年前,1.老闆態度很差 2.拿一個碗要放蛋黃拌沙茶牛老闆不給放沙茶醬，限制使用一次性塑膠碟裝沙茶，那我蛋點心酸的？ 3.蛤蜊不新鮮打不開 4.湯給的很少 5.沙茶不像三媽那種沙茶 5.點鍋問白飯能不能換冬粉回應態度差不給換 服務 內用 餐點類型 晚餐 平均每人消費金額 $400-600 餐點：2 服務：1 氣氛：1,2025-03-25
28700001,林煒翔（宜蘭因仔）,1,1 年前,一顆星也不想給，跟老闆講話都不會回應的凸^-^凸，兩次喔！分開的對話兩次都沒有得到回應喔！ 我好像北七一樣在跟空氣講話一樣，老闆不回應我 請問是聲帶受傷還是哪裡受傷？受傷就休息不要開店好好休息，祝老闆早日康復喔！ 服務 內用 餐點類型 午餐 平均每人消費金額 $1-200 餐點：1 服務：1 氣氛：1,2025-03-25
28700001,Emily,1,1 年前,態度真的有待加強,2025-03-25
28700001,張耀德,1,1 年前,老闆態度真的太差，叫客人叫欸欸欸，本來想吃都轉頭就走！到底是在搖擺啥？ 服務 內用,2025-03-25
28700001,Yu (U),1,1 年前,做服務業的忙我們可以體諒 但我們點到一半 你說太麻煩了不接就直接掛電話 會不會太扯？ 服務 外帶 餐點：1 服務：1 氣氛：1,2025-03-25
28700001,漩仔,1,1 年前,態度差勁  有錢不賺 當我稀罕？ 餐點：1 服務：1 氣氛：1,2025-03-25
28700001,柯柯,1,1 年前,有錢了服務就隨隨便便 餐點：1 服務：1 氣氛：1,2025-03-25
28700001,高宏珍,3,1 年前,單人想不選擇吃東西會選的餐館 服務 內用 餐點類型 午餐 平均每人消費金額 $1-200 餐點：3 服務：5 氣氛：2 建議的餐點,2025-03-25
28700001,家諳,1,1 年前,態度真的有夠差，走路不看路直接回頭撞到人也不會道歉嗎？踩到別人的腳裝沒事直接走掉？奉勸各位不要來這間店 餐點：1 服務：1 氣氛：1,2025-03-25
28700001,黃詩雲,1,1 年前,店員超沒禮貌，撞到人、踩到人也不會道歉，欠他錢？ 服務 內用 餐點：1 服務：1 氣氛：1,2025-03-25
28700001,Fang Fang,1,1 年前,真的很糟糕，以為評價只能當參考，沒想到是真的，服務態度真的差到不行，愛理不理就算了口氣又差，東西也煮到焦黑…… 服務 外帶 餐點類型 午餐 餐點：1 服務：1 氣氛：1,2025-03-25
28700001,柯家惠,4,1 年前,餐點：4 服務：4 氣氛：4,2025-03-25
28700001,吳東錡,1,1 年前,無評論,2025-03-25
28700001,Rae Rae,1,1 年前,買過幾次態度都超差，其實1顆星都不想給，之後想吃我寧願去市區的大呼過癮買，再也不會跟他們買。,2025-03-25
28700001,Sean (S),1,1 年前,老闆娘不太理人,2025-03-25
28700001,Zeng wei,3,1 年前,不好停車 服務 外帶 餐點類型 午餐 平均每人消費金額 $1-200 餐點：3 服務：3 氣氛：3,2025-03-25
28700001,球球,1,1 年前,外送海鮮鍋180元，沒貢丸、魚板、花枝丸、少的可憐的三片肉…從120漲到現在，料不增反減？只能值一星了。 服務 外送 餐點類型 晚餐 餐點：1 服務：1 氣氛：1,2025-03-25
28700001,Han-uei Lin,3,1 年前,餐點：4 服務：3 氣氛：2,2025-03-25
28700001,Chris,2,1 年前,餐點還行 服務那些就不優 餐點：3 服務：1 氣氛：2,2025-03-25
28700001,Wei Qiao,1,1 年前,第一次吃到燒焦的臭豆腐，超扯！ 這種東西還出給客人？黑心商人 服務 外帶 餐點類型 晚餐 平均每人消費金額 $1-200 餐點：1 服務：1 氣氛：1,2025-03-25
28700001,ㄧㄧ,1,1 年前,請問這是泡菜鍋嗎？傻眼欸 是怎樣 泡菜是金正恩吃的是不是？很稀有是不是？ 餐點：1 服務：1 氣氛：1,2025-03-25
28700001,陳百行,4,1 年前,出餐快，服務好 餐點：4 服務：4 氣氛：3,2025-03-25
28700001,吳枚錦,1,1 年前,不用 不用 不用 兩個字很難懂嗎？應該三歲小孩都聽的懂了吧 態度到底在差什麼 你爸媽沒教過你尊重？服務業大家都辛苦 把自己當皇帝？是他是他就是他 餐點：1 服務：1 氣氛：1,2025-03-25
28700001,Yifei Rebbint,1,1 年前,只能說真的不是很推薦 服務 內用,2025-03-25
28700001,Neo Ying,3,1 年前,東西都還可以。吃東西就好。 服務 內用 餐點：3 服務：2 氣氛：2,2025-03-25
28700001,山野CV,1,1 年前,店員態度實在不行，多要一個紙碗怎麼了？ 不要就請說沒辦法， 怎麼會搖搖頭之後擺臭臉？  來消費一天的心情都毀了， 給一星差評，不會再來消費。,2025-03-25
28700001,YenChiang Lin,5,1 年前,很喜歡這家三媽的素食鍋，他們家的高麗菜很新鮮好吃，但漲價有感，偶爾吃一次應該還可以,2025-03-25
28700001,夜夜kevinight,4,1 年前,服務 內用 餐點類型 午餐 平均每人消費金額 $1-200 餐點：4 服務：4 氣氛：4,2025-03-25
28700001,高木同學,5,1 年前,餐點：4 服務：4 氣氛：5,2025-03-25
28700001,江淑芬,2,1 年前,餐點：1 服務：1 氣氛：1,2025-03-25
28700001,LIOU JYUN Yi,1,1 年前,態度有夠差，聽不人話，說改來改去很麻煩，那妳就不要開啊，超有事！ 服務 外帶 餐點類型 午餐 平均每人消費金額 $400-600 餐點：2 服務：1 氣氛：1,2025-03-25
28700001,李壽城,4,2 年前,餐點：4 服務：4 氣氛：4,2025-03-25
28700001,曾建森,1,2 年前,外帶竟然沒給飯…超誇張！！ 服務 外帶 餐點類型 晚餐 平均每人消費金額 $200-400,2025-03-25
28700001,陳露比,1,2 年前,外送等了一個鍾頭也沒下文,2025-03-25
28700001,林芭樂,1,2 年前,老闆娘態度真的有夠差，買一鍋生的外帶回家煮，料叫了快500，只要求湯多給一些，竟然沒門兒？,2025-03-25
28700001,李玉洪,2,2 年前,每次叫外送袋子都油到不行 請店家加油 這麼油拿了心情都差了 服務 外送 餐點類型 午餐 平均每人消費金額 $200-400,2025-03-25
28700001,Ethan Chen,3,2 年前,東西還可以。不過老闆娘果然不太理人。總之就是普通soso能吃個飽 服務 內用 餐點類型 晚餐 平均每人消費金額 $1-200,2025-03-25
28700001,陳怡萍,5,2 年前,無評論,2025-03-25
28700001,Lilian,1,2 年前,無評論,2025-03-25
28700001,侯大隻,1,2 年前,我只說竟然敢開餐飲業就不要怕被客人吃，請老板娘加湯還說我們不是吃到飽的，是在啥小啦湯很貴嗎,2025-03-25
28700001,張偉仁,5,2 年前,無評論,2025-03-25
28700001,Dreamer Studio,1,2 年前,服務態度不佳 服務 內用 餐點類型 晚餐 平均每人消費金額 $1-200,2025-03-25
28700001,蔡佳恩,5,2 年前,無評論,2025-03-25
28700001,很會吃的評價高手,5,2 年前,好吃,2025-03-25
28700001,Liu,1,2 年前,湯裡有蟲，老闆也沒戴口罩煮。 湯的味道完全不如其他分店。 服務 外帶 餐點類型 晚餐 平均每人消費金額 $1-200,2025-03-25
28700001,KT,5,2 年前,外帶回來煮成一鍋 價格來說這樣已經不錯了 服務 外帶 餐點類型 晚餐 平均每人消費金額 $200-400,2025-03-25
28700001,kai,1,2 年前,服務態度極差🖕 …,2025-03-25
28700001,陳鈞湧,1,2 年前,服務態度差爆❗❗❗ 老闆娘好兇🥲 …,2025-03-25
28700001,張旭志,2,2 年前,這叫起司鍋？,2025-03-25
28700001,江明楓,5,2 年前,無評論,2025-03-25
28700001,Yi Hong,5,2 年前,態度沒有其他評論說得差，很多間三媽都換成瓦斯爐、鍋子以後整個味道都跑掉了，目前還是用這種鍋子的才是原本好吃的味道,2025-03-25
28700001,鄭文祥,2,2 年前,無評論,2025-03-25
28700001,高家,1,2 年前,店裡很熱，冷氣捨不得開。 邊煮邊吃檳榔沒辦法接受，不會再去了 服務 內用 餐點類型 晚餐,2025-03-25
28700001,曾瓊慧,3,2 年前,無評論,2025-03-25
28700001,Mo Mo,1,2 年前,千錯萬錯都是客人的錯 去消費小心受氣唷,2025-03-25
28700001,江信諺,1,2 年前,老闆娘的態度非常差 舊菜單沒改價錢 這樣就算了 有什麼好敲桌的 不能用說的嗎？ 敲什麼桌 態度不能好點嗎？ 爛到透的態度 10元付不起嗎？舊菜單120 新的130換紙很困難嗎？,2025-03-25
28700001,tsai ch-yi,1,2 年前,態度有夠差，愛理不理的。客人來是財神可是卻用瘟神的態度應對,2025-03-25
28700001,JASON CHEN,1,2 年前,服務態度不佳,2025-03-25
28700001,chen leo,1,3 年前,無評論,2025-03-25
28700001,莊文輝先生,5,3 年前,五星,2025-03-25
28700001,淺滄彥,1,3 年前,鍋內冬粉不要，找盡理由不挑掉！別間三媽都不會這樣！,2025-03-25
28700001,鄧匯川,4,3 年前,有免費的冰淇淋跟紅茶！,2025-03-25
28700001,丸丸,1,3 年前,無評論,2025-03-25
28700001,55A 63號 王將嘉,1,3 年前,服務態度有夠差 東西普普 別家的三媽都比較好吃,2025-03-25
28700001,伊伊,1,3 年前,態度很差,2025-03-25
28700001,李嘉俊（俊哥）,4,3 年前,無評論,2025-03-25
28700001,李科穎,5,3 年前,好吃好吃！,2025-03-25
28700001,鄭丞竣,1,3 年前,無評論,2025-03-25
28700001,曾宏基,5,3 年前,無評論,2025-03-25
28700001,郭正傑,3,3 年前,無評論,2025-03-25
28700001,陳嘉齡,4,3 年前,無評論,2025-03-25
28700001,蔡宛宛,1,3 年前,煮火鍋邊吃檳榔噁心🤮 …,2025-03-25
28700001,bi bi,1,3 年前,東西普通，但態度不好，拒絕回訪,2025-03-25
28700001,bAnKSy,1,3 年前,邊煮邊吃檳榔口罩不戴臉臭到感覺別人欠他錢 態度頗差 鍋還行就門口煮火鍋的壞了形象,2025-03-25
28700001,羅傑,1,3 年前,醬包酸掉了 打開直接撲鼻酸臭味,2025-03-25
28700001,簡玉如,5,3 年前,好吃,2025-03-25
28700001,大爺,5,3 年前,好吃,2025-03-25
28700001,Su Benson,1,3 年前,這家真夠爛！點其他火鍋料單獨煮一鍋也不要！ 裝到都快滿出來了還不用兩個袋子裝！爛到不行,2025-03-25
28700001,陳靜怡,5,3 年前,無評論,2025-03-25
28700001,許瑞明,3,3 年前,無評論,2025-03-25
28700001,王志綱,4,3 年前,無評論,2025-03-25
28700001,Honorius,1,3 年前,態度很差，還沒吃就被氣飽了,2025-03-25
28700001,黃露倩,4,3 年前,無評論,2025-03-25
28700001,予樂,4,3 年前,無評論,2025-03-25
28700001,許博鈞,4,3 年前,無評論,2025-03-25
28700001,朱美惠,4,3 年前,無評論,2025-03-25
28700001,U Pinkman,5,3 年前,好吃，老闆、闆娘服務態度真的很好！也會說明價錢！最重要是訂購準時送到，不會耽誤我們休息時間！好店家,2025-03-25
28700001,岳子欹,3,3 年前,很普通 價格又又貴10元,2025-03-25
28700001,Uan chan Ku,4,3 年前,無評論,2025-03-25
28700001,張益盛,4,3 年前,10/1日起漲價了！臭臭鍋130起跳了！要少去了！,2025-03-25
28700001,莊清忠,5,3 年前,無評論,2025-03-25
28700001,yuliang Wei,1,3 年前,態度很差，差到不行，爛透,2025-03-25
28700001,張薇,1,3 年前,無評論,2025-03-25
28700001,Alvin Ho,1,3 年前,外送約定時間遲到，打了兩次電話都說已出去，我都等不到人。是在哈囉？還是我打到平行時空的三媽店家電話。 建議自取或內用。,2025-03-25
28700001,FY TSAO,3,3 年前,湯頭好喝，真材實料，冰淇淋和紅茶都是無限供應，但服務態度不好，前面的男店員，把客人當空氣⋯⋯臉超臭，不理人。,2025-03-25
28700001,黃珮君,4,3 年前,無評論,2025-03-25
28700001,紀志忠,3,3 年前,無評論,2025-03-25
28700001,何芸瑄,1,3 年前,點麻辣鴨血鍋外帶前面有說要煮久一點鴨血爛掉沒關係 老闆一直跳針跟我說一定會熟怎麼可能沒熟，結果我到家一看兩片豬肉沒熟打電話跟老闆反應，老闆說怎麼可能沒熟叫我再回去一趟給他看..？這是你們處理的方式嗎？？東西沒熟我還要自已回去一趟。爛死一顆星都不想給,2025-03-25
28700001,Kathy Lee,5,3 年前,無評論,2025-03-25
28700001,鄭以良,5,4 年前,燈光明亮，環境整潔乾淨...,2025-03-25
28700001,東東,1,4 年前,打電話只點兩個鍋，為什麼硬要說我點了三碗飯？一直說沒有，不相信客人還生氣，最後拿出另一張打電話點餐的問我是不是兩個鍋兩個飯，我說對，還要生氣。明明就記性不好硬要生客人氣，錯了不道歉生悶氣，客人來吃飯活該受你們氣喔,2025-03-25
28700001,許偉,4,4 年前,好吃平價,2025-03-25
28700001,洪子喬,1,4 年前,重複點餐 還送錯 正常麵都另外放 為什麼是放在一起？,2025-03-25
28700001,小晴o,1,4 年前,態度差 環境衛生不好,2025-03-25
28700001,Andy Lee,2,4 年前,外帶的臭臭鍋都沒有裝袋子，提前說了也沒用，為了省袋子的錢，讓外帶的火鍋在車廂裡面灑出來,2025-03-25
28700001,王証謙,1,4 年前,唉  自行體會看看吧⋯⋯ 第一次吃到這麼清淡的火鍋 一鍋就算了。兩鍋都沒味道,2025-03-25
28700001,趙貫博,1,4 年前,這家真的是態度極差 外帶要他多給我一點湯 還不給 說要跟他買 還不賣 囉哩八唆講一堆廢話 這種店給我錢也不會在去了,2025-03-25
28700001,LinYa,1,4 年前,還沒備料、還不能換餐點，老闆跟老闆娘的服務態度有進步空間,2025-03-25
28700001,游小佩,1,4 年前,先不管好不好吃.... 但....煮鍋人員態度很不好，臉超臭的， 還一邊看手機影片一邊煮鍋.... 再加上停車非常不方便（包括機車也不好停） 不會在有下一次了,2025-03-25
28700001,良呱呱,1,4 年前,無評論,2025-03-25
28700001,福興,2,4 年前,無評論,2025-03-25
28700001,雪兒蜜,3,4 年前,老闆態度很差,2025-03-25
28700001,徐靜芳,2,4 年前,無評論,2025-03-25
28700001,黃Jerry,4,4 年前,無評論,2025-03-25
28700001,林正昇,5,4 年前,無評論,2025-03-25
28700001,陳翰諹,4,4 年前,無評論,2025-03-25
28700001,葉真樺,5,4 年前,無評論,2025-03-25
28700001,張世欣,4,4 年前,無評論,2025-03-25
28700001,Dayan Chen,4,4 年前,無評論,2025-03-25
28700001,進達林,3,4 年前,無評論,2025-03-25
28700001,Yu Chen Tsai,2,4 年前,可以邊煮鍋邊看手機追劇，甚至還可以邊吃冰🙄，口罩只是裝飾品，衛生有待加強 …,2025-03-25
28700001,啦啦啦,1,4 年前,冰淇淋很怕顧客吃，吃完火鍋一直盯著你！！ 兩個人坐到多人坐，東西醬料都用好了，才來叫你換位子，何不一開始進去就先帶位？,2025-03-25
28700001,吳慧芳,5,4 年前,無評論,2025-03-25
28700001,李鈺,1,4 年前,無評論,2025-03-25
28700001,林嘉毅,5,4 年前,無評論,2025-03-25
28700001,芸綺,1,4 年前,無評論,2025-03-25
28700001,亭亭,5,4 年前,無評論,2025-03-25
28700001,y un,1,5 年前,態度夠差,2025-03-25
28700001,翁小惠,4,5 年前,無評論,2025-03-25
28700001,Nadia,3,5 年前,服務人員態度不太好耶，停車不方便,2025-03-25
28700001,莊峰哥,3,5 年前,無評論,2025-03-25
28700001,Jason Fu,4,5 年前,價格便宜，不貴，但少了蔥花，有點可惜,2025-03-25
28700001,捷,4,5 年前,無評論,2025-03-25
28700001,余思漢,5,5 年前,無評論,2025-03-25
28700001,蘇忠（Tim）,3,5 年前,無評論,2025-03-25
28700001,楊正隆,1,5 年前,剛剛來吃，看到加點的肉掉落地上，女服務生等了10秒，居然把肉放回去，好險我有看到，馬上跟老闆反應，才換給我。雖然價錢公道，但是衛生有待……,2025-03-25
28700001,海洋遊俠,2,5 年前,無評論,2025-03-25
28700001,蔣英,4,5 年前,無評論,2025-03-25
28700001,TING,4,5 年前,會替顧客著想，把而外點的料平分，客人很多，上餐速度也很快。,2025-03-25
28700001,陳世昌,4,5 年前,無評論,2025-03-25
28700001,張澤仁,1,5 年前,顧玩手機，明明沒人還硬要喊寫單，寫完還是照玩愛做不做，對了，還邊吃檳榔,2025-03-25
28700001,張瀚哲,3,5 年前,無評論,2025-03-25
28700001,陳政柏,1,5 年前,態度很差,2025-03-25
28700001,張嘉峰,4,5 年前,物美價廉，老老闆娘記憶很好,2025-03-25
28700001,黃郁婷,5,5 年前,無評論,2025-03-25
28700001,Jasmine Chan,5,5 年前,物超所值，料多豐富好吃，店員人很好,2025-03-25
28700001,黃瑄瑄（Annie）,3,5 年前,無評論,2025-03-25
28700001,陳正昌,5,5 年前,無評論,2025-03-25
28700001,葉佳欣,5,5 年前,無評論,2025-03-25
28700001,楊小萍,5,5 年前,無評論,2025-03-25
28700001,吳志華,5,5 年前,好吃,2025-03-25
28700001,YoHong玉宏,5,5 年前,無評論,2025-03-25
28700001,戴David,2,5 年前,無評論,2025-03-25
28700001,陳龍庭,4,5 年前,便宜，服務好,2025-03-25
28700001,Jeff Lin,2,5 年前,變貴了,2025-03-25
28700001,Chen Neo,4,5 年前,無評論,2025-03-25
28700001,SpaceX C,1,5 年前,這間店的人好像都快死了,2025-03-25
28700001,呂浩任,4,5 年前,無評論,2025-03-25
28700001,chen Chen,4,5 年前,無評論,2025-03-25
28700001,Vanessa,4,5 年前,無評論,2025-03-25
28700001,徐瑞德,3,5 年前,無評論,2025-03-25
28700001,LI CHIA,5,5 年前,假日回基隆必吃小火鍋,2025-03-25
28700001,林哲逸,3,5 年前,無評論,2025-03-25
28700001,李文祥（治豪）,3,5 年前,無評論,2025-03-25
28700001,郭禮維,4,5 年前,無評論,2025-03-25
28700001,孫力薇,1,5 年前,老闆娘的態度真差,2025-03-25
28700001,林德辰,5,5 年前,無評論,2025-03-25
28700001,sheng yuan lin,2,5 年前,無評論,2025-03-25
28700001,Dominic Tseng,3,5 年前,一般的連鎖三媽臭臭鍋店,2025-03-25
28700001,林芷瑩,4,5 年前,無評論,2025-03-25
28700001,pyro jm,3,5 年前,無評論,2025-03-25
28700001,Manto OuO,4,5 年前,無評論,2025-03-25
28700001,建凱,4,5 年前,無評論,2025-03-25
28700001,鄭莓莓,5,5 年前,無評論,2025-03-25
28700001,林品安,5,5 年前,無評論,2025-03-25
28700001,11 趙欣宇,4,5 年前,無評論,2025-03-25
28700001,林居翰,4,5 年前,大碗又便宜,2025-03-25
28700001,諶美玉,3,5 年前,料多實在新鮮好吃,2025-03-25
28700001,EJ LI,4,5 年前,無評論,2025-03-25
28700001,陳昱瑞,5,5 年前,好吃！吃完也飽了,2025-03-25
28700001,Ken Chen,3,5 年前,無評論,2025-03-25
28700001,史梅月,3,5 年前,無評論,2025-03-25
28700001,Danny Hsu,3,5 年前,無評論,2025-03-25
28700001,陳嘉可,1,5 年前,無評論,2025-03-25
28700001,施建梅,5,5 年前,無評論,2025-03-25
28700001,張小藍,5,5 年前,無評論,2025-03-25
28700001,老皮村,3,5 年前,無評論,2025-03-25
28700001,chang john,1,5 年前,很一般，飲料完全沒味道。,2025-03-25
28700001,利雲秀,5,5 年前,無評論,2025-03-25
28700001,tsai sandra,3,5 年前,你們家的冰淇淋並不高檔丫，為何要把消費者當小偷一樣防呢？！真的不喜歡內用,2025-03-25
28700001,Joanna Ong,4,5 年前,無評論,2025-03-25
28700001,黃淵弘（HIROSHI）,5,5 年前,無評論,2025-03-25
28700001,林智賢,3,6 年前,還可以,2025-03-25
28700001,金智良,3,6 年前,好吃!高麗菜湯頭，獨樹一格,2025-03-25
28700001,Hsiao-Ting Wang,4,6 年前,無評論,2025-03-25
28700001,H,3,6 年前,便宜又好吃，但是一次性餐具有異味,2025-03-25
28700001,zhiyuan kuo,4,6 年前,無評論,2025-03-25
28700001,張恩嘉,5,6 年前,無評論,2025-03-25
28700001,梁展鵬,4,6 年前,無評論,2025-03-25
28700001,名吳,1,6 年前,無評論,2025-03-25
28700001,林博仁,3,6 年前,無評論,2025-03-25
28700001,心怡,1,6 年前,態度差  衛生環境不好,2025-03-25
28700001,ZIJIE,1,6 年前,服務態度非常差，自己電話收不到訊號怪客人走來走去我可是在原地這邊的訊號可是滿格呢，訂一次不會在訂了，講到快吵起來不知道在囂張什麼,2025-03-25
28700001,沒良心,5,6 年前,無評論,2025-03-25
28700001,邱俊翔,3,6 年前,無評論,2025-03-25
28700001,楊清德,5,6 年前,無評論,2025-03-25
28700001,陳正權,5,6 年前,無評論,2025-03-25
28700001,tsai Trai,5,6 年前,無評論,2025-03-25
28700001,鄭敏華,5,6 年前,無評論,2025-03-25
28700001,白靜靜,1,6 年前,無評論,2025-03-25
28700001,Adolph Chou,4,6 年前,無評論,2025-03-25
28700001,Mark Chung,2,6 年前,無評論,2025-03-25
28700001,蔡建明,4,6 年前,不錯吃,2025-03-25
28700001,許玉珠,4,6 年前,無評論,2025-03-25
28700001,陳睿彤,5,6 年前,無評論,2025-03-25
28700001,許鑫品,1,6 年前,無評論,2025-03-25
28700001,王伯豪,3,6 年前,無評論,2025-03-25
28700001,Terry Yu,4,6 年前,無評論,2025-03-25
28700001,阮金鶯,5,6 年前,無評論,2025-03-25
28700001,謝添財,4,6 年前,平價，值得去吃，口味不錯,2025-03-25
28700001,Y.L. H,1,6 年前,無評論,2025-03-25
28700001,林孝明,3,6 年前,無評論,2025-03-25
28700001,陳建國,5,6 年前,無評論,2025-03-25
28700001,Lily Weng,5,6 年前,好吃便宜，店家很客氣。,2025-03-25
28700001,yart 60,5,6 年前,無評論,2025-03-25
28700001,NAA,5,6 年前,無評論,2025-03-25
28700001,林廷壑,3,6 年前,無評論,2025-03-25
28700001,Ya-Hsin Wang,5,6 年前,內用冰淇淋紅茶都吃到飽 推薦泡菜鍋,2025-03-25
28700001,詹博恩,1,6 年前,無評論,2025-03-25
28700001,吳何允,4,6 年前,無評論,2025-03-25
28700001,Shieh Lilly,3,6 年前,不合口味,2025-03-25
28700001,許銘宏,4,6 年前,無評論,2025-03-25
28700001,何景宏,5,6 年前,無評論,2025-03-25
28700001,Justin Chang,5,6 年前,無評論,2025-03-25
28700001,Tank朋,3,6 年前,無評論,2025-03-25
28700001,林韋宏,4,6 年前,空間蠻寬敞的，店主媽媽還貼心的給內用的客戶，準備冰淇淋，貼心建議，先吃冰的。,2025-03-25
28700001,邱小祥,5,6 年前,三媽知名臭臭鍋的店，不錯！冰淇淋&紅茶都是免費吃到飽。,2025-03-25
28700001,盧畇坊,5,6 年前,好吃,2025-03-25
28700001,張政傑,2,6 年前,氣氛差服務差,2025-03-25
28700001,潘吉祥,4,6 年前,無評論,2025-03-25
28700001,廖震宇-7,4,6 年前,停車空間有限,2025-03-25
28700001,Hsin,5,6 年前,無評論,2025-03-25
28700001,陳晶燰,5,6 年前,無評論,2025-03-25
28700001,羅志祥,3,6 年前,無評論,2025-03-25
28700001,呂黃素鳳,1,6 年前,無評論,2025-03-25
28700001,吳冠錚,5,6 年前,無評論,2025-03-25
28700001,邱鈴鈺,4,6 年前,無評論,2025-03-25
28700001,梁昇淵,3,6 年前,平價,2025-03-25
28700001,邵建維,5,6 年前,無評論,2025-03-25
28700001,小涵,4,6 年前,無評論,2025-03-25
28700001,曾柏嘉,5,6 年前,無評論,2025-03-25
28700001,Pei Ling Shiau,5,6 年前,老闆娘有人情味，東西好吃又平價。 缺點是不好停車。 每次外帶都幫你包的好好的！覺得很貼心,2025-03-25
28700001,陳建宏,4,6 年前,算是環境乾淨的三媽，東西好吃,2025-03-25
28700001,翁茂,5,6 年前,無評論,2025-03-25
28700001,J-J Yau,3,6 年前,無評論,2025-03-25
28700001,張志安,2,6 年前,無評論,2025-03-25
28700001,柏杉陳,3,6 年前,無評論,2025-03-25
28700001,Chen Chen,5,6 年前,無評論,2025-03-25
28700001,TinAn C,3,7 年前,非常非常貴 加點的量又少 不過鍋子比較深,2025-03-25
28700001,邱大杰,4,7 年前,米飯有技術。湯頭好入喉,2025-03-25
28700001,Sad Jeson,5,7 年前,很棒有飲料 冰淇淋,2025-03-25
28700001,Mmmm YYY,4,7 年前,蝦子新鮮料又超多，吃過多家三媽店最物超所值,2025-03-25
28700001,Shuhui Yang,3,7 年前,無評論,2025-03-25
28700001,呂漢龍（呂小三）,3,7 年前,無評論,2025-03-25
28700001,DEMYNE,4,7 年前,老闆娘滿熱情的,2025-03-25
28700001,張賴梅首,1,7 年前,無評論,2025-03-25
28700001,封君侯,3,7 年前,無評論,2025-03-25
28700001,Billson Chen,5,7 年前,無評論,2025-03-25
28700001,呂若羚,4,7 年前,無評論,2025-03-25
28700001,pinko Lin,4,7 年前,食材新鮮，吃小火鍋的好選擇！內有紅茶、冰淇淋，如果喝的飲品可以用飲料機多選擇更棒！,2025-03-25
28700001,葉文隆,5,7 年前,好吃,2025-03-25
28700001,林子文,5,7 年前,無評論,2025-03-25
28700001,Cheng Hung Chen,5,7 年前,平價小火鍋，車不好停，建議騎機車,2025-03-25
28700001,簡文豪,5,7 年前,無評論,2025-03-25
28700001,黃明棋,3,7 年前,無評論,2025-03-25
28700001,伊藤,4,7 年前,無評論,2025-03-25
28700001,趙天翼,3,7 年前,無評論,2025-03-25
28700001,周煌智,5,7 年前,無評論,2025-03-25
28700001,陳美蘭,5,7 年前,很好吃,2025-03-25
28700001,劉力瑋,3,7 年前,無評論,2025-03-25
28700001,Fang Ken,3,7 年前,無評論,2025-03-25
28700001,Kevin Wang,3,7 年前,無評論,2025-03-25
28700001,Dfff Sdf,3,7 年前,老闆娘待人還算親切，填飽肚子的好地方,2025-03-25
28700001,陳耿榕,5,7 年前,無評論,2025-03-25
28700001,許瑜芳,4,7 年前,美味，親切，服務好。,2025-03-25
28700001,賴晨碩,1,7 年前,無評論,2025-03-25
28700001,徐位城,3,7 年前,無評論,2025-03-25
28700001,王淑安,5,7 年前,待客親切，好吃,2025-03-25
28700001,劉明順,1,7 年前,無評論,2025-03-25
28700001,童鼎智,4,7 年前,平價，交通方便,2025-03-25
28700001,黃翔齡,5,7 年前,這裡的料滿多的 食材不錯 又有冰淇淋 還有紅茶 覺得是一個不錯用歺的好地方～,2025-03-25
28700001,胡憲明,3,7 年前,無評論,2025-03-25
28700001,李明煌,2,7 年前,無評論,2025-03-25
28700001,陳嘉嘉,4,7 年前,無評論,2025-03-25
28700001,呂東彬,1,7 年前,不怎麼樣,2025-03-25
28700001,ru po,4,7 年前,無評論,2025-03-25
28700001,鄭仕文,5,7 年前,無評論,2025-03-25
28700001,quiqui chou,3,7 年前,東西尚可態度有待加強,2025-03-25
28700001,王福全,3,7 年前,價錢還算可以,2025-03-25
28700001,楓花蘿,4,7 年前,還行吧,2025-03-25
28700001,朱金嶽,5,7 年前,無評論,2025-03-25
28700001,劉憶陵,4,7 年前,老闆娘人很好,2025-03-25
28700001,Mia Liu,4,7 年前,料很多有冰可以吃,2025-03-25
28700001,廖義昌,3,7 年前,還不錯  適合親子一家大小用餐,2025-03-25
28700001,五十尾,2,7 年前,無評論,2025-03-25
28700001,先生張,5,7 年前,環境乾凈，醬料等充足,2025-03-25
28700001,陳靜芬,4,7 年前,很一般普通的小火鍋~只適合騎車來,2025-03-25
28700001,Bai,5,7 年前,無評論,2025-03-25
28700001,徐全邠,5,7 年前,好吃,2025-03-25
28700001,鍾重笠,3,7 年前,無評論,2025-03-25
28700001,Huge Fox,2,7 年前,無評論,2025-03-25
28700001,陳玉琪,5,7 年前,整個用餐環境動線明白簡潔，餐點品質穩定好吃,2025-03-25
28700001,林昆億,5,7 年前,好吃便宜,2025-03-25
28700001,WU JING,5,8 年前,不變的味道。,2025-03-25
28700001,蔣承翰,4,8 年前,無評論,2025-03-25
28700001,林芮安,5,8 年前,無評論,2025-03-25
28700001,顏金隆,4,8 年前,價錢便宜,2025-03-25
28700001,李進興,3,8 年前,吃飽,2025-03-25
28700001,Jiacheng yu,4,8 年前,無評論,2025-03-25
28700001,林晉德,3,8 年前,無評論,2025-03-25
28700001,Wendy You,3,8 年前,湯頭不錯 環境普通 食材量普通,2025-03-25
28700001,楊康,5,8 年前,無評論,2025-03-25
28700001,陳奶茶,1,8 年前,幾鍋外送呀！市區的話,2025-03-25
28700001,林鈺涵,5,8 年前,無評論,2025-03-25
28700001,陳啟文,5,8 年前,好吃！三鍋就可外送！,2025-03-25
28700001,Kevin T•,5,8 年前,用餐環境佳，料好實在....,2025-03-25
28700002,Lynn lin,5,1 天前,壽星加贈干貝及蝦蝦 特別的香菜皮蛋鍋 餐點：5 服務：5 氣氛：5,2025-03-25
28700002,Kim Lee,5,1 天前,"生日有活動幾歲送幾隻蝦或干貝 東西很好吃 服務很好 內用飯不限 平均每人消費金額 $800-1,000 餐點：5 服務：5 氣氛：5",2025-03-25
28700002,Barney Wu,5,1 天前,用餐環境與服務人員態度不錯、餐點美味 服務 內用 餐點類型 晚餐 平均每人消費金額 $600-800 建議的餐點 麻辣火鍋,2025-03-25
28700002,陳宜君,5,1 天前,當月壽星送蝦干貝好讚讚👍 餐點：5 服務：5 氣氛：5,2025-03-25
28700002,Iris Yen顏如姍,5,1 天前,非常好 餐點：5,2025-03-25
28700002,謝仁傑,5,1 天前,進門想到香味就知道來對了 餐點：5 服務：5 氣氛：5,2025-03-25
28700002,Iris Yen,5,1 天前,用餐環境舒適，服務很好，東西好吃 餐點：5 服務：5 建議的餐點 鴛鴦鍋,2025-03-25
28700002,顏如昀,5,1 天前,用餐環境很棒，餐點好吃！,2025-03-25
28700002,陳秉志,5,1 天前,食材實在 麻辣鍋味道濃郁 餐點：5 服務：5 氣氛：5,2025-03-25
28700002,陳炯安,5,1 天前,麻辣鍋、牛奶鍋好吃😋 餐點：5 服務：5 氣氛：5,2025-03-25
28700002,蘇文廣,5,1 天前,很香 餐點：5 服務：5 氣氛：5,2025-03-25
28700002,郭艾迪,5,1 天前,物有所值 環境乾淨舒適 餐點：5 服務：5 氣氛：5,2025-03-25
28700002,陳宜亮,5,1 天前,餐點：5 服務：5 氣氛：5,2025-03-25
28700002,Yiping Yang,5,2 天前,"東西不錯 小朋友在這裡嘗試了第一次或之前不愛的食物 都很喜歡 有機會再來 服務 內用 餐點類型 晚餐 平均每人消費金額 $1,000-1,200 餐點：5 服務：5 氣氛：5 建議的餐點 四川麻辣鍋",2025-03-25
28700002,Jiang Jiang,5,2 天前,環境寬敞不錯 皮蛋香菜鍋很特別，雖然被同桌抗議沒有點 麻辣鍋的鍋底豆腐是嫩的～ 餐點：5 服務：5 氣氛：5,2025-03-25
28700002,Ruby Huang,5,2 天前,龍頭造型的鍋子很酷 嫩豆腐鴨血白飯可以續 服務 內用 餐點類型 晚餐 餐點：5 服務：5 氣氛：5,2025-03-25
28700002,王鈞,5,2 天前,環境乾淨 氣氛佳 鍋子霸氣 餐點：5 服務：5 氣氛：5,2025-03-25
28700002,W,5,2 天前,空間寬敞、環境舒適、下次一定要再來 餐點：5 服務：5 氣氛：5,2025-03-25
28700002,Oliver Wang,5,2 天前,酸菜鍋夠味，五花肉好吃，麻辣小辣不辣偏麻～ 服務 內用 餐點類型 晚餐 平均每人消費金額 $600-800 餐點：5 服務：5 氣氛：5,2025-03-25
28700002,Renee,5,2 天前,餐點：5 服務：5 氣氛：5,2025-03-25
28700002,夜舞醉月,5,2 天前,餐點：5 服務：5 氣氛：5,2025-03-25
28700002,Candy Lin,4,2 天前,餐點：4 服務：4 氣氛：4,2025-03-25
28700002,Tzuling Ding,5,3 天前,太好吃了😋 餐點：5 服務：5 氣氛：5,2025-03-25
28700002,方漢霖,5,3 天前,有很多種別的地方吃不到的丸子，每一種都很好吃 服務 內用 餐點類型 晚餐 平均每人消費金額 $600-800 餐點：5 服務：4 氣氛：5,2025-03-25
28700002,謙睿,5,3 天前,讚 餐點：5 服務：5 氣氛：5,2025-03-25
28700002,Kuei Lin,5,3 天前,"提供非常多元的食物 有很多都是第一次吃到 非常特別 地點有點偏僻 但是慶生有送和歲數一樣多的蝦或干貝很有誠意 雖然干貝不是什麼生食等級的 有點可惜 服務 內用 餐點類型 晚餐 平均每人消費金額 $1,200-1,400 餐點：5 服務：5 氣氛：5 建議的餐點 壽星蝦, 壽星幾歲就送幾隻蝦, 生日禮, 麻辣火鍋",2025-03-25
28700002,王彥程,5,5 天前,好久沒吃到香麻的四川火鍋 服務 內用 餐點類型 晚餐 平均每人消費金額 $600-800 餐點：5 服務：5 氣氛：5 建議的餐點 麻辣火鍋,2025-03-25
28700002,李仍進,5,5 天前,無評論,2025-03-25
28700002,Tsan Stone,5,5 天前,美麗的小姐服務態度好 餐點：5 服務：5 氣氛：5,2025-03-25
28700002,楊翔淵,5,6 天前,目前吃過最喜歡的麻辣鍋 不會只有辣 香氣濃郁 牛奶鍋也很香 另外還有各式川菜 味道也相當有水準 非常值得一再造訪的好餐廳！,2025-03-25
28700002,Bob Wu,5,6 天前,無評論,2025-03-25
28700002,Yuan Wang,5,6 天前,無評論,2025-03-25
28700002,徐啟宏,5,6 天前,有夠讚，有夠喜歡，有夠棒 餐點：5 服務：5 氣氛：5,2025-03-25
28700002,傅承宇,5,6 天前,無評論,2025-03-25
28700002,小傑Jie,5,1 週前,當月壽星很划算，依照歲數贈送蝦子干貝。 氣氛滿分，推薦壽星來用餐。 餐點：5 服務：5 氣氛：5,2025-03-25
28700002,劉家婷,5,1 週前,"當月壽星送蝦子干貝，很划算，推一個 服務 內用 餐點類型 晚餐 平均每人消費金額 $800-1,000 餐點：5 服務：5 氣氛：5 建議的餐點 鴛鴦鍋, 壽星幾歲就送幾隻蝦",2025-03-25
28700002,Hsieh-Chung Huang,5,1 週前,品質好，服務熱情，雖然有點貴。免費贈品的評級。 服務 內用 餐點類型 午餐 餐點：5 服務：5 氣氛：5,2025-03-25
28700002,Esther,5,1 週前,鴨血、豆腐無限吃，酸菜白肉鍋很讚，蛤蜊用寶箱裝浮誇有趣，打卡送烏梅汁～ 餐點：5 服務：5 氣氛：5,2025-03-25
28700002,Billy Fan,5,1 週前,讚讚烏梅汁！,2025-03-25
28700002,高子能,5,1 週前,火鍋好好吃👍 餐點：5 服務：5 氣氛：5,2025-03-25
28700002,Ken,5,1 週前,餐點類型 早午餐 平均每人消費金額 $600-800 餐點：5 服務：5 氣氛：5,2025-03-25
28700002,黃聖豪,5,1 週前,好吃 推推👍 …,2025-03-25
28700002,林昀萱 Yun-Xuan,5,1 週前,跟朋友來聚餐，裝潢很漂亮，白飯鴨血無限續 氣氛：5,2025-03-25
28700002,C june,5,1 週前,餐點：5 服務：5 氣氛：5,2025-03-25
28700002,Olie Liao,5,1 週前,有烏梅汁 餐點：5,2025-03-25
28700002,Smile Wei,5,1 週前,還不錯吃 餐點：5 服務：3 氣氛：4,2025-03-25
28700002,JC,5,1 週前,很久沒來，還是一樣美味！肉新鮮，調味料也很有特色，非常合胃口的四川味，生日招待海鮮非常好吃！ 餐點類型 晚餐 餐點：5 服務：5 氣氛：5,2025-03-25
28700002,廖宜津,2,1 週前,"五星打卡有送東西，當天點酸菜白肉+麻辣鴛鴦鍋，想說單點開價給出食材應該也不算差，結果只是來個粗飽的一頓，白飯豆腐鴨血無限續也，論服務我也是沒感受到.. 當日壽星去才說要事先預訂有優惠，餐點溢價挪給各位壽星享用了 服務 內用 餐點類型 晚餐 平均每人消費金額 $1,000-1,200 餐點：2 服務：2 氣氛：3",2025-03-25
28700002,劉sandy,5,1 週前,服務 內用 餐點類型 午餐 餐點：5 服務：5 氣氛：5 建議的餐點 壽星蝦,2025-03-25
28700002,黃ABBY,5,1 週前,非常好的食客 餐點：5 服務：5 氣氛：5,2025-03-25
28700002,Jet Chou,5,1 週前,餐點：5 服務：5 氣氛：5,2025-03-25
28700002,黃阿忠,5,1 週前,好吃😋 餐點：5 服務：5 氣氛：5,2025-03-25
28700002,李驚驚,5,1 週前,餐點：5 服務：5 氣氛：5,2025-03-25
28700002,林克隆,5,1 週前,餐點：5 服務：5 氣氛：5,2025-03-25
28700002,梁遠毅,5,1 週前,餐點：5 服務：5 氣氛：5,2025-03-25
28700002,陳傳惠,5,1 週前,好吃好吃 餐點：5 服務：5 氣氛：5,2025-03-25
28700002,Phoebe CH,5,1 週前,好吃😋😋😋😋😋 餐點：5 服務：5 氣氛：5,2025-03-25
28700002,Branda 惠兒 Hsieh,5,1 週前,霸氣的鍋、夠味的湯頭，好好味！tasty 餐點：5 服務：5 氣氛：5,2025-03-25
28700002,angel,5,1 週前,"好吃美味推薦，壽星有福利。 服務 內用 餐點類型 午餐 平均每人消費金額 超過 $2,000 餐點：5 服務：5 氣氛：5 建議的餐點 Spicy Hot Pot, Fish, Steak Dry Burning Noodle, Sliced Noodles",2025-03-25
28700002,許凱淇,5,1 週前,"服務 內用 餐點類型 晚餐 平均每人消費金額 $1,400-1,600 餐點：5 服務：5 氣氛：5 建議的餐點 Japanese Scallop 素食餐點 這是我們點的是大白菜，這個大白菜還蠻好吃的 親子友善程度 這個牛奶鍋吃起來蠻好吃的，小孩子也可以吃",2025-03-25
28700002,West Mt,5,1 週前,麻婆豆腐味道非常好，很香，非常非常的下飯。餐廳的裝潢挺漂亮的。服務員的服務態度非常好。 餐點：5 服務：5 氣氛：4,2025-03-25
28700002,Joe Petrucci,5,1 週前,"當月壽星一歲一隻蝦 超讚👍還有新鮮好吃的其他海鮮跟肉品 服務 內用 餐點類型 晚餐 平均每人消費金額 $1,000-1,200 餐點：5 服務：5 氣氛：5 建議的餐點 壽星幾歲就送幾隻蝦, 麻辣火鍋",2025-03-25
28700002,吳峰源,5,1 週前,無評論,2025-03-25
28700002,鍾昀澔,5,1 週前,"皮蛋香菜鍋好吃！ 服務 內用 餐點類型 晚餐 平均每人消費金額 $800-1,000 餐點：5 服務：5 氣氛：5 建議的餐點 鴛鴦鍋 停車位 很多停車位",2025-03-25
28700002,Lisa Kuo,5,1 週前,点了麻辣鍋及酸菜鱼鍋，湯頭很棒裏面的内容物也很實在好吃，值得再来 餐點：5 服務：5 氣氛：5,2025-03-25
28700002,Nelson Fang,5,1 週前,鍋底就相當豐富，丸類驚豔 餐點：5 服務：5 氣氛：5,2025-03-25
28700002,Kuo-Sz Fang,5,1 週前,餐點：5 服務：5 氣氛：5,2025-03-25
28700002,簡玉燕,5,1 週前,服務 內用 餐點類型 午餐 平均每人消費金額 $600-800 餐點：5 服務：5 氣氛：5 建議的餐點 鴛鴦鍋,2025-03-25
28700002,Rita Lin,5,1 週前,餐點：5 服務：5 氣氛：5,2025-03-25
28700002,Abby Hsu,4,2 週前,"整體偏貴，比起麻辣鍋更喜歡牛奶鍋～ 火鍋料都很特別非常好吃，原味滑牛很嫩很好吃😍油條也很讚 服務 內用 餐點類型 晚餐 平均每人消費金額 $1,400-1,600",2025-03-25
28700002,王雅惠,5,2 週前,服務人員很親切👍 餐點：5 服務：5 氣氛：5,2025-03-25
28700002,曾柏儒,5,2 週前,無評論,2025-03-25
28700002,曾柏諭,5,2 週前,餐點：5 服務：5 氣氛：5,2025-03-25
28700002,Leanne Ko,5,2 週前,餐點：5 服務：5 氣氛：5,2025-03-25
28700002,姜亘芝,5,2 週前,服務 內用 餐點：5 服務：5 氣氛：5,2025-03-25
28700002,晨晨,5,2 週前,餐點：5 服務：5 氣氛：5,2025-03-25
28700002,夏米,5,2 週前,無評論,2025-03-25
28700002,白居易,5,2 週前,餐點：5 服務：5 氣氛：5,2025-03-25
28700002,林詩敏,5,2 週前,無評論,2025-03-25
28700002,呂信宏,5,2 週前,餐點：5 服務：5 氣氛：5,2025-03-25
28700002,陳香瑀,5,2 週前,餐點：5 服務：5 氣氛：5,2025-03-25
28700002,Tun Yo Wu,5,2 週前,朋友生日來慶生，麻辣鍋底很香，肉質很好，尤其是松阪豬吃起來很脆口～～～,2025-03-25
28700002,黑粒仔,5,2 週前,好吃😋 …,2025-03-25
28700002,David Yeh,5,2 週前,是好吃的川式麻辣火鍋！ 服務 內用 餐點類型 晚餐 餐點：5 服務：5 氣氛：5,2025-03-25
28700002,australia koala,5,2 週前,最喜歡的海鹽奶蓋紅茶還在！ 裝潢一樣特色！東西也還好吃！ 餐點類型 晚餐 平均每人消費金額 $600-800,2025-03-25
28700002,bio810 Chang,2,2 週前,雖然常常路過 但很久沒去 因為 有陰影 有不喜歡的經驗  看到有許多好評 為店家感到高興  祝福各位顧客 用餐平安 服務 內用 餐點類型 晚餐 平均每人消費金額 $400-600 餐點：2 服務：2 氣氛：2,2025-03-25
28700002,余麗雀,5,2 週前,讚 餐點：5 服務：5 氣氛：5,2025-03-25
28700002,林瑛真,5,2 週前,餐點：5 服務：5 氣氛：5,2025-03-25
28700002,楊玲瓏,5,2 週前,偉大的 服務 內用 餐點：5 服務：5 氣氛：5,2025-03-25
28700002,Sherry Meng,5,2 週前,餐點：5 服務：5 氣氛：5,2025-03-25
28700002,盧觀英,5,2 週前,麻辣鮮香，好吃 餐點：5 服務：5 氣氛：5,2025-03-25
28700002,江昀蔓,5,2 週前,無評論,2025-03-25
28700002,Amy Su,5,3 週前,"鴨血豆腐無限量供應的四川麻辣鍋，當月壽星優惠很划算  👉這次用餐吃的餐點： ✨鍋底（128/人） ✨加購鴛鴦鍋（150） ✨美國雪花牛（389） ✨神仙滑牛肉（299） ✨手工蝦滑（248）、老油條（123）、鴨肉丸（113）、QQ麻糬棒（159） ✨高麗菜（113）、黑木耳（113） ✨四川燃麵-嫩牛（169） ✨蟹黃豆腐煲（439） ✨四川晾肉（339） ✨海鹽紅茶奶蓋（75）、烏梅汁（128）  這次點了四川麻辣鍋和酸菜白肉鍋，麻辣湯頭屬溫和耐吃類型，麻跟辣度皆可調整，酸菜白肉鍋酸香開胃，鍋底都可無限續加  肉類大推滑牛，厚度夠可保有肉汁，肉量比想像中多；特色丸子推薦手工蝦滑跟鴨肉丸，蝦滑用料實在，口感紮實脆彈；老油條獲全桌好評，酥脆魅力無法擋，吸滿麻辣湯太滿足！  店內掛滿紅燈籠，裝潢走古色古香的風格，除了鴛鴦鍋外，也吃得到各式各樣特色四川料理  🎯當月壽星優惠： 全桌消費滿1300元，贈送壽星歲數的蝦或干貝（可以選各半），蝦新鮮好剝，干貝不大顆但鮮甜，帶家裡長輩來慶生很划算，有機會被誇獎勤儉持家😆 服務 內用 餐點類型 晚餐 平均每人消費金額 $800-1,000 餐點：5 服務：5 氣氛：5",2025-03-25
28700002,白翠娥,5,3 週前,好吃 服務 內用 餐點類型 晚餐 平均每人消費金額 $600-800 餐點：5 服務：5 氣氛：5 建議的餐點 停車位 很多停車位 附近的停車場 付費停車位,2025-03-25
28700002,Bena Chen,5,3 週前,好吃 餐點：5 服務：5 氣氛：5,2025-03-25
28700002,陳瓏慧,5,3 週前,好吃！ 餐點：5 服務：5 氣氛：5,2025-03-25
28700002,王同利,5,3 週前,好吃 餐點：5 服務：5 氣氛：5,2025-03-25
28700002,王中良,5,3 週前,好吃 餐點：5 服務：5 氣氛：5,2025-03-25
28700002,Shaynn Wu,5,3 週前,炸魚皮和滑牛好吃！ 餐點：5 服務：5 氣氛：5,2025-03-25
28700002,劉秀玲,5,3 週前,"服務 內用 餐點類型 晚餐 平均每人消費金額 超過 $2,000 餐點：5 服務：5 氣氛：5 建議的餐點 停車位 停車位有點難找",2025-03-25
28700002,Anna陳彥甫媽媽 Hsu,5,3 週前,好的！ 餐點：5 服務：5 氣氛：5,2025-03-25
28700002,Hsin-Chia Lin,5,3 週前,"帶長輩來慶生送蝦真的揪甘心😊 服務 內用 餐點類型 晚餐 餐點：5 服務：5 氣氛：5 建議的餐點 壽星蝦, 壽星幾歲就送幾隻蝦",2025-03-25
28700002,黃銘松,5,3 週前,氣氛好 餐點：5 服務：5 氣氛：5,2025-03-25
28700002,Jasmine L,5,3 週前,餐點：5 服務：5 氣氛：5,2025-03-25
28700002,洪祥崴,5,3 週前,餐點：5 服務：5 氣氛：5,2025-03-25
28700002,劉姵妤,5,3 週前,餐點：5 服務：5 氣氛：5,2025-03-25
28700002,洪詩涵,5,3 週前,餐點：5 服務：5 氣氛：5,2025-03-25
28700002,wang angela,5,3 週前,麻辣鍋底可以加麻加辣，我們是中辣加麻，非常適中，好吃有特色 餐點：5 服務：5 氣氛：5,2025-03-25
28700002,Simon Huang,5,3 週前,裝潢氣氛很好，推薦酸菜白肉鍋。鍋底豆腐和鴨血都很好吃😋每樣份量都很充足 餐點：5 服務：5 氣氛：5,2025-03-25
28700002,碧珍陳,5,3 週前,麻辣夠味，蝦子好吃 服務 內用 餐點類型 晚餐 餐點：5 服務：4 氣氛：4,2025-03-25
28700002,廖惠玲,5,3 週前,"服務 內用 餐點類型 晚餐 平均每人消費金額 $1,200-1,400 餐點：5 服務：5 氣氛：5 建議的餐點",2025-03-25
28700002,Rita,5,1 個月前,麻辣鍋很美味！喜歡 餐點：5 服務：5 氣氛：5,2025-03-25
28700002,鄭伃婷,5,1 個月前,服務好環境好東西好吃 餐點：5 服務：5 氣氛：5,2025-03-25
28700002,小瑛,3,1 個月前,"蝦滑好吃，滑牛好吃，牛小排我覺得不用點， 毛肚不是一片的，也很普通， 麻辣鱈魚丸味道太特別了...無法接受 松阪豬口感普通，大概8片吧 基本上不會再去第二次了 評論送烏梅汁 餐點類型 晚餐 平均每人消費金額 $1,000-1,200 餐點：3 服務：3 氣氛：3",2025-03-25
28700002,高翊瑄,5,1 個月前,服務 內用 餐點類型 晚餐 餐點：5 服務：5 氣氛：5,2025-03-25
28700002,ann lin,4,1 個月前,"以曾在重慶及成都住過的我來說，味道已經偏離當地口味，但食材跟花椒的味道都還不錯。稍微覺得美中不足的是麻辣鍋的豆腐，不容易入味; 隨意點的肉品都還不錯，推薦千張豆腐紙及牛肉起司爆漿丸。下次會想再來嘗試其他食材 服務 內用 餐點類型 晚餐 平均每人消費金額 $800-1,000 餐點：4 服務：5 氣氛：4",2025-03-25
28700002,王琦瑋,5,1 個月前,餐點：5 服務：5 氣氛：5,2025-03-25
28700002,王柏文,5,1 個月前,餐點：5 服務：5 氣氛：5,2025-03-25
28700002,Wendy Yah,5,1 個月前,無評論,2025-03-25
28700002,joseph hsieh,5,1 個月前,不錯的體驗 服務 內用 餐點類型 晚餐 平均每人消費金額 $600-800 餐點：5 服務：5 氣氛：5,2025-03-25
28700002,Sophie許蘇菲 Hsu,5,1 個月前,無評論,2025-03-25
28700002,Daniel Wang,5,1 個月前,無評論,2025-03-25
28700002,南,5,1 個月前,蝦滑好吃😋 服務 內用 餐點類型 晚餐,2025-03-25
28700002,Miya Chen,5,1 個月前,蝦滑 滑牛好吃 服務 內用,2025-03-25
28700002,Albert Liu,5,1 個月前,很好吃 餐點：5 服務：5 氣氛：5,2025-03-25
28700002,玄眐小炛,5,1 個月前,"裝潢很漂亮 食材新鮮 服務 內用 餐點類型 晚餐 平均每人消費金額 超過 $2,000 餐點：5 服務：5 氣氛：5 建議的餐點 停車位 不確定 附近的停車場 付費停車位",2025-03-25
28700002,申宇懷,5,1 個月前,餐點：5 服務：5 氣氛：5,2025-03-25
28700002,Zoey,5,1 個月前,壽星送蝦 餐點：5 服務：5 氣氛：5,2025-03-25
28700002,幻塔,5,1 個月前,壽星送蝦 超棒 平均每人消費金額 $600-800… 全文,2025-03-25
28700002,凡,3,1 個月前,"餐點好吃  壽星送了歲數蝦很棒 高個老闆服務態度第一次去跟第二此次有天壤之別 平均每人消費金額 $800-1,000 餐點：5 服務：2 氣氛：4",2025-03-25
28700002,jeri Wang,5,1 個月前,各式各樣菜都很好吃很新鮮，各類的丸子都很好吃！四川晾肉很特殊，也很好吃！讚讚讚！ 服務 內用 餐點類型 午餐 餐點：5 服務：5 氣氛：5,2025-03-25
28700002,Eason Yen,5,1 個月前,無評論,2025-03-25
28700002,陳小波鬼,5,1 個月前,送的生日蝦子好多！ 餐點：5 服務：5 氣氛：5,2025-03-25
28700002,蔡文瑞,5,1 個月前,東西好吃，對壽星很大方 平均每人消費金額 $400-600 餐點：5 服務：5 氣氛：5,2025-03-25
28700002,牛大寶,5,1 個月前,東西新鮮，味道不錯，適合家人聚餐 平均每人消費金額 $400-600 餐點：5 服務：5 氣氛：5,2025-03-25
28700002,Chen-An Tsai,5,1 個月前,麻辣鍋又麻又香讚,2025-03-25
28700002,楊淑惠,5,1 個月前,食物好吃 餐點類型 晚餐 平均每人消費金額 $600-800 餐點：5 服務：3 氣氛：4,2025-03-25
28700002,楊炘娣Cinn,5,1 個月前,好吃 餐點類型 晚餐 平均每人消費金額 $600-800 餐點：5 氣氛：4 建議的餐點,2025-03-25
28700002,賽特國王ㄉ.踏ㄆ,5,1 個月前,一盤的量給的蠻多的，麻辣鍋的鴨血和豆腐可以續，兩樣都很入味好吃，金莎酥炸魚皮也炸的很酥很涮嘴，毛肚和滑牛吃起來彈牙爽脆，兩個人吃一鍋麻辣鍋還是有點飽，建議可以帶很多朋友一起來吃火鍋。 平均每人消費金額 $600-800 餐點：5 服務：5 氣氛：5,2025-03-25
28700002,鍾博文,5,1 個月前,好吃！,2025-03-25
28700002,廖翊卉,5,1 個月前,無評論,2025-03-25
28700002,Una,5,1 個月前,無評論,2025-03-25
28700002,chen allen,5,1 個月前,無評論,2025-03-25
28700002,李旻蔓,5,1 個月前,餐點：5 服務：5 氣氛：5,2025-03-25
28700002,白偉廷,5,1 個月前,讚👍 餐點：5 服務：5 氣氛：5,2025-03-25
28700002,Mark Kuo,5,1 個月前,好吃 餐點：5 服務：5 氣氛：5,2025-03-25
28700002,奇異果kiwi,5,1 個月前,只要生日就要來這慶生啦！幾歲送幾隻隻蝦蝦或干貝喔！ 服務 內用 餐點：5 服務：5 氣氛：5,2025-03-25
28700002,蔡雅羚,5,1 個月前,"服務態度讚👍 服務 內用 餐點類型 晚餐 平均每人消費金額 $600-800 餐點：5 服務：5 氣氛：5 建議的餐點 白蝦, 壽星蝦, 壽星幾歲就送幾隻蝦, 四川晾肉, 生日禮",2025-03-25
28700002,謝巧翎,5,1 個月前,無評論,2025-03-25
28700002,善禾吳,5,1 個月前,肉很鮮嫩、湯底清甜、空間舒適，不會過度擁擠！ 餐點：5 服務：5 氣氛：5,2025-03-25
28700002,陳陳靖,5,1 個月前,非常棒 餐點：5 服務：5 氣氛：5,2025-03-25
28700002,藍心汝,5,1 個月前,氣氛好 餐點好吃,2025-03-25
28700002,James Yu,5,1 個月前,好吃服務好,2025-03-25
28700002,Cheng-wei Huang,5,1 個月前,無評論,2025-03-25
28700002,Henry Lin,5,1 個月前,"麻辣鍋湯頭道地，價格不低但食材新鮮美味，烏梅汁好喝，壽星慶生有送蝦子， 餐點類型 午餐 平均每人消費金額 $800-1,000 餐點：5 服務：5 氣氛：4",2025-03-25
28700002,Ricky高頎宸,5,1 個月前,服務 內用 餐點類型 午餐 餐點：5 服務：5 氣氛：5 建議的餐點 生日禮,2025-03-25
28700002,Chen Harlen,5,1 個月前,蠻有特色的店家 餐點：5 服務：5 氣氛：5,2025-03-25
28700002,葛東驊,5,1 個月前,餐點：5 服務：5 氣氛：5,2025-03-25
28700002,Karen Lin,5,1 個月前,東湖在地難得的麻辣鍋首選！,2025-03-25
28700002,Tessa Lin,5,1 個月前,油條好好吃！,2025-03-25
28700002,羅方妤,5,1 個月前,油條真好吃 餐點：5 服務：5 氣氛：5,2025-03-25
28700002,Ex20039 Ex20039,5,1 個月前,"服務 內用 餐點類型 午餐 餐點：5 服務：5 氣氛：5 建議的餐點 壽星幾歲就送幾隻蝦, 野生龍蝦",2025-03-25
28700002,邱明欣,5,1 個月前,麻辣鍋湯頭很香 海鮮新鮮 服務 內用 餐點類型 午餐 餐點：5 服務：5 氣氛：5 建議的餐點 壽星蝦,2025-03-25
28700002,余永盛,5,1 個月前,餐點：5 服務：5 氣氛：5,2025-03-25
28700002,Li Wu,5,1 個月前,餐點：5 服務：5 氣氛：5,2025-03-25
28700002,我先,5,1 個月前,餐點：5 服務：5 氣氛：5,2025-03-25
28700002,JK Huang,4,1 個月前,美味又優質的服務 平均每人消費金額 $400-600 餐點：4 服務：4 氣氛：4,2025-03-25
28700002,Hualin Lo,5,1 個月前,服務 內用 餐點類型 晚餐 平均每人消費金額 $600-800 餐點：5 服務：5 氣氛：5,2025-03-25
28700002,X Unlimited,5,1 個月前,餐點：5 服務：5…,2025-03-25
28700002,sakura kuroyuki,5,1 個月前,我覺得很不錯氣氛很棒😆 餐點：5 服務：5 氣氛：5,2025-03-25
28700002,Bruce,5,1 個月前,第一次來吃，挺好的 服務 內用 餐點類型 晚餐 平均每人消費金額 $600-800 餐點：5 服務：5 氣氛：5,2025-03-25
28700002,陳沁嚖,5,1 個月前,很棒 服務 內用 餐點類型 晚餐 平均每人消費金額 $400-600 餐點：5 服務：5 氣氛：5 建議的餐點,2025-03-25
28700002,花綰綰,5,1 個月前,很好吃，很正宗，吃不膩 餐點：5 服務：5 氣氛：5,2025-03-25
28700002,陳樂萍,5,1 個月前,餐點：5 服務：5 氣氛：5,2025-03-25
28700002,吳采霏,5,1 個月前,"今天來慶生，蝦子好豐富好吃。 平均每人消費金額 $1,200-1,400 餐點：5 服務：5 氣氛：5",2025-03-25
28700002,Yao-Yu Wu,5,1 個月前,好吃 餐點：5 服務：5 氣氛：5,2025-03-25
28700002,Shelly Yen,5,1 個月前,非常好吃 服務 內用 餐點類型 午餐 平均每人消費金額 $600-800 餐點：5 服務：5 氣氛：5 建議的餐點,2025-03-25
28700002,Chi,5,1 個月前,好吃。,2025-03-25
28700002,Cheng Priscilla,5,1 個月前,超好吃的 服務 內用 餐點類型 午餐 平均每人消費金額 $600-800 建議的餐點,2025-03-25
28700002,陳克萊兒,5,1 個月前,餐點：5 服務：5 氣氛：5,2025-03-25
28700002,Kevin,5,1 個月前,好吃 服務 內用 餐點類型 晚餐 餐點：5 服務：5 氣氛：5,2025-03-25
28700002,陳小包,5,1 個月前,酸菜魚很特別，份量足~ 餐點：5 服務：5 氣氛：5,2025-03-25
28700002,Mickey Chen,4,1 個月前,無評論,2025-03-25
28700002,JJJ,5,1 個月前,餐點：5 服務：5 氣氛：5,2025-03-25
28700002,陳奕先,5,1 個月前,不錯 餐點：5 服務：5 氣氛：5,2025-03-25
28700002,BP WU,5,1 個月前,好吃,2025-03-25
28700002,Thomasdoris,5,1 個月前,餐點：5 服務：5 氣氛：5,2025-03-25
28700002,Sherry,5,1 個月前,服務員態度很好 餐點：5 服務：5 氣氛：5,2025-03-25
28700002,Yuki Yuki,4,1 個月前,第一次來吃 期待今天的麻辣鍋 今天點麻辣鍋+酸菜白菜鍋 開吃！ 服務 內用 餐點類型 晚餐 平均每人消費金額 $600-800 餐點：3 服務：3 氣氛：5 特殊餐點 四川晾肉,2025-03-25
28700002,Ray Louis,5,1 個月前,餐點：5 服務：5 氣氛：5,2025-03-25
28700002,Tseng Jim,5,1 個月前,無評論,2025-03-25
28700002,Danio Hsieh,5,1 個月前,整體感覺還不錯，生日有禮物呦～ 服務 內用 平均每人消費金額 $400-600 餐點：4 服務：4 氣氛：4,2025-03-25
28700002,陳政憲,5,1 個月前,麻辣火鍋口味很讚 服務品質超讚👍🏻 服務 內用 餐點類型 午餐 平均每人消費金額 $200-400 餐點：5 服務：5 氣氛：5 建議的餐點 停車位 很多停車位 附近的停車場 付費停車位,2025-03-25
28700002,黃秀秀,5,1 個月前,酸菜湯超好吃 服務品質佳👍🏻 服務 內用 餐點類型 午餐 平均每人消費金額 $200-400 餐點：5 服務：5 氣氛：5 建議的餐點 停車位 很多停車位 附近的停車場 付費停車位,2025-03-25
28700002,H銘,5,1 個月前,好吃的勒⋯⋯ 服務 內用 餐點：5 服務：5 氣氛：5,2025-03-25
28700002,其實我是臥底的貓,5,1 個月前,牛很嫩！ 餐點：5 服務：5 氣氛：4,2025-03-25
28700002,廖晉儀（LIAOBOY）,5,1 個月前,好耶 服務 內用 餐點類型 晚餐 平均每人消費金額 $400-600 餐點：5 服務：5 氣氛：5 建議的餐點,2025-03-25
28700002,Joey Tu,5,1 個月前,東西好吃 服務親切 餐點：5 服務：5 氣氛：5,2025-03-25
28700002,常妤,5,1 個月前,餐點美味，服務態度良好 服務 內用… 全文,2025-03-25
28700002,chien.ya chang,5,1 個月前,服務很好 東西好吃 餐點：5 服務：5,2025-03-25
28700002,竹俊數學,5,1 個月前,好吃😋，服務週到！ 服務 內用 餐點類型 晚餐 平均每人消費金額 $600-800 餐點：5 服務：5 氣氛：5,2025-03-25
28700002,陳威宇,5,1 個月前,除了氣氛不錯，火鍋也好吃～ 服務 內用 餐點：5 服務：5 氣氛：4,2025-03-25
28700002,翁瑞鴻,5,1 個月前,二訪 好吃,2025-03-25
28700002,Michelle Lien,5,1 個月前,無評論,2025-03-25
28700002,Isabella,5,1 個月前,餐點：5 服務：5 氣氛：5,2025-03-25
28700002,kuo Cleo,5,1 個月前,鴨血新鮮，氣氛舒服 服務 內用 餐點類型 晚餐 餐點：5 服務：5 氣氛：5,2025-03-25
28700002,晴玟,5,1 個月前,"服務 內用 餐點類型 晚餐 平均每人消費金額 $800-1,000 建議的餐點 停車位 很多停車位 附近的停車場 免費路邊停車",2025-03-25
28700002,Rex chen,5,1 個月前,"好ㄘ 服務 內用 餐點類型 午餐 平均每人消費金額 $1,400-1,600 餐點：5 服務：5 氣氛：5 建議的餐點 Shrimp, Fish",2025-03-25
28700002,Ling Yuan,5,1 個月前,服務 內用 餐點類型 晚餐 餐點：5 服務：5 氣氛：5 建議的餐點,2025-03-25
28700002,明哲李,5,1 個月前,烏梅汁吸吸,2025-03-25
28700002,黃柏容（愛新覺羅•大衛）,5,1 個月前,酸菜鍋湯頭不錯，燃麵好吃，口水雞覺得普， 鴨血很好吃， 總體來說價格不貴。 餐點：5 服務：4 氣氛：5,2025-03-25
28700002,賴美諭,5,1 個月前,餐點：5 服務：5 氣氛：5,2025-03-25
28700002,田明麗,5,1 個月前,四川麻辣鍋真的好吃，點了中辣吃起來剛好，湯頭好，服務也很棒，所有菜色都很棒，值得二訪。 服務 內用 餐點類型 晚餐 平均每人消費金額 $600-800 餐點：5 服務：5 氣氛：5 建議的餐點,2025-03-25
28700002,Dr. Rene Lee - Pack,5,1 個月前,服務 內用 餐點類型 晚餐 平均每人消費金額 $600-800 餐點：5 服務：5 氣氛：5 建議的餐點,2025-03-25
28700002,邱建偉,4,1 個月前,好吃 生日還有送禮物喔 餐點：4 服務：4 氣氛：4,2025-03-25
28700002,吳冠毅,5,1 個月前,湯頭美味 環境舒適整潔 下次會回訪😍👍 餐點：5 服務：5 氣氛：5,2025-03-25
28700002,Y Thu,5,1 個月前,"麻辣鍋好吃，服務到位，肉質滑嫩，值得一訪。 服務 內用 餐點類型 晚餐 平均每人消費金額 $1,000-1,200 餐點：5 服務：5 氣氛：5 建議的餐點",2025-03-25
28700002,鄭丞良,5,1 個月前,餐點：5 服務：5 氣氛：5,2025-03-25
28700002,鄭珮琳,5,1 個月前,無評論,2025-03-25
28700002,cjenny C,5,1 個月前,無評論,2025-03-25
28700002,林芳語,5,1 個月前,無評論,2025-03-25
28700002,葉威宏,5,1 個月前,餐點：5 服務：5 氣氛：5,2025-03-25
28700002,蔡素蘭,5,1 個月前,無評論,2025-03-25
28700002,一江,5,1 個月前,餐點：5 服務：5 氣氛：5,2025-03-25
28700002,葉芯妤,5,1 個月前,無評論,2025-03-25
28700002,Daphne Dai,5,1 個月前,鴛鴦鍋的麻辣鍋部分香麻好吃，牛奶鍋湯頭也很棒！每樣菜的份量不少，可以推薦。 服務 內用 餐點類型 午餐 平均每人消費金額 $600-800 餐點：5 服務：5 氣氛：4 建議的餐點,2025-03-25
28700002,張竹鈞,2,1 個月前,"滿失望的，生日禮要提早告知才有，重點上面都沒有寫當日壽星要提早告知～ 如果網路上訂位的人，不就都不知道，只能倒霉沒得到生日幾歲就得到幾個蝦子 服務 內用 餐點類型 午餐 平均每人消費金額 超過 $2,000 餐點：3 服務：3 氣氛：5 建議的餐點",2025-03-25
28700002,劉鎔禎,5,1 個月前,服務 內用 餐點：4 服務：4 氣氛：4,2025-03-25
28700002,阮玫芳,5,1 個月前,服務 內用 餐點類型 午餐 餐點：5 服務：5 氣氛：5 建議的餐點,2025-03-25
28700002,林泉村,5,1 個月前,生日沒有提前預訂就沒送蝦子 真的蠻讓人失望,2025-03-25
28700002,Yuuko,5,1 個月前,打卡送飲料,2025-03-25
28700002,Emma Hsiao,5,1 個月前,位置寬敞舒服，旁邊就有停車場（但也很容易停滿） 辣鍋很香，一定要點油條，香酥脆 酸菜鍋的酸菜真的很好吃，愛吃酸鍋的一定要點！ 餐點：5 服務：5 氣氛：5,2025-03-25
28700002,蔡政信,5,1 個月前,餐點：5 服務：5 氣氛：5,2025-03-25
28700002,Wang-ping Lee,5,1 個月前,服務 內用 平均每人消費金額 $600-800 餐點：5 服務：5 氣氛：5 建議的餐點,2025-03-25
28700002,颖,5,1 個月前,環境不錯，看起來很高檔 服務 內用 餐點類型 晚餐 平均每人消費金額 $400-600 餐點：5 服務：5 氣氛：5,2025-03-25
28700002,Derrick Luo,5,1 個月前,道地美味 餐點：5 服務：5 氣氛：5,2025-03-25
28700002,icole N,5,1 個月前,無評論,2025-03-25
28700002,SHARON YANG,5,1 個月前,無評論,2025-03-25
28700002,唐爾生,5,1 個月前,無評論,2025-03-25
28700002,唐毅,5,1 個月前,無評論,2025-03-25
28700002,潘啓瑞,5,1 個月前,無評論,2025-03-25
28700002,林嘉茵,5,1 個月前,"服務 內用 餐點類型 晚餐 平均每人消費金額 $1,400-1,600 餐點：5 服務：5 氣氛：5 建議的餐點",2025-03-25
28700002,TERRY,5,1 個月前,"讚讚好吃 服務 內用 餐點類型 晚餐 平均每人消費金額 $1,200-1,400 餐點：5 服務：5 氣氛：5 建議的餐點 Fish",2025-03-25
28700002,Chen Vincent,5,1 個月前,好吃 餐點：5 服務：5 氣氛：5,2025-03-25
28700002,Teng Wenfy,5,1 個月前,"服務 內用 餐點類型 晚餐 平均每人消費金額 $1,600-1,800 餐點：5 服務：5 氣氛：5",2025-03-25
28700002,kageki Kageki,5,1 個月前,"火鍋口味很好，燃麵很好吃～ 有機會會再來訪！ 服務 內用 餐點類型 晚餐 平均每人消費金額 $1,000-1,200 餐點：5 服務：5 氣氛：5 建議的餐點 生日禮",2025-03-25
28700002,kenmei Isshou,5,1 個月前,東西好吃 服務親切！ 餐點：5 服務：5 氣氛：5,2025-03-25
28700002,張子瑜,1,1 個月前,"湯底偏鹹，晾肉不明所以，金沙魚皮偏死鹹，評價水分偏高 服務 內用 餐點類型 晚餐 平均每人消費金額 $1,000-1,200 餐點：1 服務：1 氣氛：1",2025-03-25
28700002,廖繹善,5,1 個月前,餐點：5 服務：5…,2025-03-25
28700002,unzyy,5,1 個月前,好吃 裝潢有特色 鍋上有龍頭挺好玩的 豆腐吃到爽 餐點：5 服務：5 氣氛：5,2025-03-25
28700002,陳利雅,5,1 個月前,好吃,2025-03-25
28700002,謝許娥,5,1 個月前,餐點：5 服務：5 氣氛：5,2025-03-25
28700002,Chris H,5,1 個月前,餐點：5 服務：5 氣氛：5,2025-03-25
28700002,Hsieh珈瑜,5,1 個月前,服務 內用 餐點類型 晚餐 平均每人消費金額 $600-800 餐點：5 服務：5 氣氛：5,2025-03-25
28700002,血影,5,1 個月前,無評論,2025-03-25
28700002,蔡東達,5,1 個月前,好吃 夠味 餐點：5 服務：5 氣氛：5,2025-03-25
28700002,Joyce,5,1 個月前,真的很好吃！來了10次以上，一定要點滑牛！！ 餐點：5 服務：5 氣氛：5 建議的餐點 壽星幾歲就送幾隻蝦,2025-03-25
28700002,Hsu Derick,5,1 個月前,無評論,2025-03-25
28700002,林小白,5,1 個月前,餐點：5 服務：5…,2025-03-25
28700002,張雅婷,5,1 個月前,可口的！ 餐點：5 服務：5 氣氛：5,2025-03-25
28700002,Jenna Wang,5,1 個月前,來訪第二次 麻辣湯頭很讚 食材也算新鮮 推推👍🏼 …,2025-03-25
28700002,Phoenix Chang,5,1 個月前,肉質超好，過癮😍 服務 內用 餐點類型 晚餐,2025-03-25
28700002,紫媞,5,1 個月前,餐點：5 服務：5 氣氛：5,2025-03-25
28700002,台灣美食評論家1,5,1 個月前,好好吃喔 餐點：5 服務：5 氣氛：5,2025-03-25
28700002,Matthew Chang,5,1 個月前,餐點：5 服務：5 氣氛：5,2025-03-25
28700002,Renee Lee,5,1 個月前,幾歲送幾隻蝦，我們常來，讚👍 餐點：5 服務：5 氣氛：5,2025-03-25
28700002,巴卡玛卡,5,1 個月前,好喝好吃讚啦 生日送蝦蝦和干貝 服務 內用 餐點：5 服務：5 氣氛：5,2025-03-25
28700002,林芳竹,5,1 個月前,無評論,2025-03-25
28700002,徐世鴻,5,1 個月前,餐點：5 服務：5…,2025-03-25
28700002,嵇老母,5,1 個月前,是一個會讓人再訪的地方！ 服務 內用 餐點類型 早午餐 平均每人消費金額 $600-800 餐點：5 服務：5 氣氛：5 建議的餐點,2025-03-25
28700002,戴于傑,5,2 個月前,真的好吃沒話說 服務 內用 餐點類型 晚餐 平均每人消費金額 $600-800 餐點：5 服務：5 氣氛：5 建議的餐點,2025-03-25
28700002,Candy Happysweet,5,2 個月前,好吃 餐點：5 服務：5 氣氛：5,2025-03-25
28700002,Alice Ni,5,2 個月前,很特別，位置多 服務 內用 餐點類型 晚餐,2025-03-25
28700002,Mandy Yihsien,5,2 個月前,"湯頭好讚，胡麻醬料更是香 服務 內用 餐點類型 晚餐 平均每人消費金額 $800-1,000 餐點：5 服務：5 氣氛：5 建議的餐點",2025-03-25
28700002,Bonnie Fung,5,2 個月前,餐點：5 服務：5 氣氛：5,2025-03-25
28700002,徐翊瑄,5,2 個月前,酸菜白肉鍋好好吃👍烏梅汁好喝😍 …,2025-03-25
28700002,黃鍾皓,5,2 個月前,好吃 價格合理 氣氛好！ 餐點：5 服務：5 氣氛：5,2025-03-25
28700002,汪晉瑋,5,2 個月前,好吃燈光美氣氛佳 餐點：5 服務：5 氣氛：5,2025-03-25
28700002,許七,5,2 個月前,好吃和牛前腿肉😋 … 餐點：5 服務：5… 全文,2025-03-25
28700002,HUA JUI Tsai,5,2 個月前,服務 內用 餐點類型 晚餐 平均每人消費金額 $600-800 餐點：5 服務：5 氣氛：5 建議的餐點,2025-03-25
28700002,Louis Lin,5,2 個月前,非常好吃 餐點：5 服務：5 氣氛：5,2025-03-25
28700002,주관유Guanyu Chou,5,2 個月前,很久沒來，還是一樣美味！肉新鮮，調味料也很有特色，非常合胃口的四川味，生日招待海鮮非常感謝！ 餐點：5 服務：5 氣氛：5,2025-03-25
28700002,shuching peng,5,2 個月前,老闆娘很客氣，態度很好，生日有幾歲送幾隻蝦子和干貝的招待，很開心🥳🥳 餐點類型 晚餐 平均每人消費金額 $400-600 餐點：5 服務：5 氣氛：5 建議的餐點 壽星幾歲就送幾隻蝦,2025-03-25
28700002,Elizabeth,5,2 個月前,服務 內用 餐點類型 晚餐 平均每人消費金額 $400-600 餐點：5 服務：5 氣氛：5 建議的餐點 壽星幾歲就送幾隻蝦,2025-03-25
28700002,蔡弘城,5,2 個月前,好吃！ 餐點：5,2025-03-25
28700002,賴欣宜,5,2 個月前,餐點：5 服務：5 氣氛：5,2025-03-25
28700002,L,5,2 個月前,菜色多樣有特色又好吃，氣氛佳，環境整潔 服務 內用 餐點類型 晚餐 平均每人消費金額 $600-800 餐點：5 服務：5 氣氛：5,2025-03-25
28700002,舒愉,5,2 個月前,無評論,2025-03-25
28700002,Nicky Hong,5,2 個月前,好吃 加麻加辣很過癮,2025-03-25
28700002,洪靜瑜,5,2 個月前,最經典的是他的金莎魚皮 因為太好吃了，所以急著吃來不及拍照😅😅 … 餐點：5… 全文,2025-03-25
28700002,李舒涵Amy,5,2 個月前,好吃 推一個，已經吃過好幾次了 服務 內用 餐點類型 午餐 平均每人消費金額 $600-800 建議的餐點 四川晾肉,2025-03-25
28700002,莊cutelichuang,5,2 個月前,"很不錯的店，值得三五好友一起聚餐，中午用餐只到二點半喔！ 服務 內用 餐點類型 午餐 平均每人消費金額 $800-1,000 餐點：5 服務：5 氣氛：5 建議的餐點 壽星幾歲就送幾隻蝦, 四川晾肉",2025-03-25
28700002,Sylvia Jin,5,2 個月前,味道好肉質也好，金沙水蓮好吃。 服務 內用 餐點類型 午餐 餐點：5 服務：5 氣氛：5 建議的餐點,2025-03-25
28700002,Amidofu Lue,5,2 個月前,東西好吃，尤其滑牛 金莎水蓮也很特別 服務 內用 餐點類型 午餐 平均每人消費金額 $600-800 餐點：5 服務：5 氣氛：5,2025-03-25
28700002,好啦,5,2 個月前,👍 …,2025-03-25
28700002,黃郁絜,5,2 個月前,服務 內用 餐點類型 晚餐 平均每人消費金額 $400-600 餐點：5 服務：5 氣氛：5 建議的餐點,2025-03-25
28700002,劉海牛,5,2 個月前,好吃 服務 內用 餐點：5 服務：5 氣氛：5,2025-03-25
28700002,傅建誌,5,2 個月前,好的！ 餐點：5 服務：5 氣氛：5,2025-03-25
28700002,凱凱,5,2 個月前,非常好吃～壽星很開心 餐點：5 服務：5… 全文,2025-03-25
28700002,張根琪,5,2 個月前,服務品質好 服務 內用 餐點類型 晚餐 平均每人消費金額 $600-800 餐點：5 服務：5 氣氛：5 建議的餐點,2025-03-25
28700002,謝鮪魚,5,2 個月前,"好吃 服務 內用 餐點類型 晚餐 平均每人消費金額 $800-1,000 餐點：5 服務：5 氣氛：5 建議的餐點",2025-03-25
28700002,Ying,5,2 個月前,"食材新鮮、湯底濃郁好喝，肉也有品質！ 服務 內用 餐點類型 晚餐 平均每人消費金額 $1,000-1,200 餐點：4 服務：5 氣氛：5 建議的餐點",2025-03-25
28700002,許雅閔,5,2 個月前,食物美味很適合冬天 服務 內用 餐點類型 晚餐 平均每人消費金額 $600-800 餐點：5 服務：5 氣氛：5,2025-03-25
28700002,Dawn Lin,5,2 個月前,無評論,2025-03-25
28700002,Jane Chou周琦娟,5,2 個月前,食物很好，味道很棒；空調有點太冷了。 餐點：5 服務：4 氣氛：4,2025-03-25
28700002,黃書紳,5,2 個月前,無評論,2025-03-25
28700002,TMU蕭郁文,5,2 個月前,無評論,2025-03-25
28700002,楊晴詠,5,2 個月前,銷魂飯超好吃！ 餐點：5 服務：5 氣氛：5,2025-03-25
28700002,沈志明,5,2 個月前,"服務 內用 餐點類型 晚餐 平均每人消費金額 $800-1,000 餐點：5 服務：5 氣氛：5 建議的餐點 生日禮",2025-03-25
28700002,041-孫潤梅,5,2 個月前,服務 內用 餐點類型…,2025-03-25
28700002,vicky lin,5,2 個月前,好吃 餐點：5 服務：5 氣氛：5,2025-03-25
28700002,蘇聖尊,5,2 個月前,食材新鮮，還不錯 餐點：5 服務：5 氣氛：5,2025-03-25
28700002,Hank Huang,5,2 個月前,服務好 餐點：3 服務：5 氣氛：5,2025-03-25
28700002,SC Huang,5,2 個月前,道地四川麻辣味 餐點：5 服務：5 氣氛：5,2025-03-25
28700002,huan3775,5,2 個月前,餐點好吃,2025-03-25
28700002,吳晨豪,5,2 個月前,餐點好吃 氣氛好 餐點：5 服務：5 氣氛：5,2025-03-25
28700002,鄒政叡,5,2 個月前,"還不錯吃 餐點類型 晚餐 平均每人消費金額 $800-1,000 餐點：5 服務：5 氣氛：5",2025-03-25
28700002,Mary Yeh,5,2 個月前,很好吃，老闆娘人很好，加豆腐或鴨血的時候給跟她說都很友善 服務 內用 餐點類型 晚餐 平均每人消費金額 $400-600 餐點：5 服務：5 氣氛：5 建議的餐點,2025-03-25
28700002,Yuuu,5,2 個月前,"真的很好吃！推薦酸菜白肉+麻辣鍋，而且老闆娘人很好，超讚！ 服務 內用 餐點類型 晚餐 平均每人消費金額 $400-600 餐點：5 服務：5 氣氛：5 建議的餐點 白蝦, 壽星蝦, 壽星幾歲就送幾隻蝦, 生日禮",2025-03-25
28700002,Nancy Kuo,5,2 個月前,餐點：5 服務：5…,2025-03-25
28700002,zenbo hsu,5,2 個月前,服務 內用 餐點類型 晚餐 餐點：5 服務：5 氣氛：5,2025-03-25
28700002,Justin Hsu,5,2 個月前,餐點：5 服務：5 氣氛：5,2025-03-25
28700002,黃彥霖,5,2 個月前,服務 內用 餐點類型 晚餐 平均每人消費金額 $600-800 餐點：5 服務：5 氣氛：5 建議的餐點,2025-03-25
28700002,mia lu,5,2 個月前,讚讚 餐點：5 服務：5 氣氛：5,2025-03-25
28700002,林庭寬,5,2 個月前,餐點：5 服務：5 氣氛：5,2025-03-25
28700002,禹瑄,5,2 個月前,好吃 服務 內用 餐點類型 晚餐 平均每人消費金額 $600-800 餐點：5 服務：5 氣氛：5 建議的餐點 Fish,2025-03-25
28700002,Winny,5,2 個月前,麻辣鍋底很香，酸菜白肉也超好吃，蔬菜、魚片食材很新鮮，但感覺服務人員超忙，帶位、上餐需要等一下下。 服務 內用 餐點類型 晚餐 平均每人消費金額 $600-800 餐點：5 服務：4 氣氛：5 建議的餐點,2025-03-25
28700002,Jason Liao,5,2 個月前,無評論,2025-03-25
28700002,Fan Lu,5,2 個月前,還不錯吃 店員很辛苦要幫她加薪 餐點：5 服務：5… 全文,2025-03-25
28700002,Lily Liu,5,2 個月前,湯底鴨血豆腐好吃 服務 內用… 全文,2025-03-25
28700002,Ellen Weng,5,2 個月前,無評論,2025-03-25
