編號,店名,地址,經緯度,營業時間,官方網站,店家簡述,簡介,搜尋關鍵字,星數,價位,圖片檔案名稱,是否已完成
28700001,三媽臭臭鍋 基隆復興店,,"25.1433419,121.725839",星期二、11:00 到 21:30; 星期三、11:00 到 21:30; 星期四、11:00 到 21:30; 星期五、11:00 到 21:30; 星期六、11:00 到 21:30; 星期日、11:00 到 21:30; 星期一、休息,無官方網站,無簡述,"無障礙程度：[無障礙入口, 無障礙座位, 無障礙停車場], 服務項目：[外送, 外帶, 內用], 熱門原因：[午餐, 晚餐, 獨自用餐], 產品/服務：[提供簡餐], 用餐選擇：[午餐, 晚餐, 餐飲服務], 設施：[洗手間], 氣氛：[環境舒適], 客層族群：[適合團體], 兒童：[適合兒童]",火鍋,3.2,無價位資訊,28700001.jpg,已完成
28700002,989薑母鴨 豐盛水產超市火鍋,,"25.0764899,121.6219025",星期三、16:30 到 23:00; 星期四、16:30 到 23:00; 星期五、16:30 到 00:00; 星期六、12:00 到 00:00; 星期日、12:00 到 22:00; 星期一、16:30 到 23:00; 星期二、16:30 到 23:00,https://www.facebook.com/989duck,無簡述,"無障礙程度：[無障礙入口, 無障礙座位, 無障礙停車場], 服務項目：[室外雅座, 外送, 外帶, 內用], 熱門原因：[午餐, 晚餐], 產品/服務：[小菜, 宵夜, 烈酒, 酒精飲料, 啤酒, 葡萄酒], 用餐選擇：[午餐, 晚餐, 餐飲服務, 座位], 設施：[性別友善洗手間, 洗手間, Wi-Fi, 提供免費 Wi-Fi], 氣氛：[休閒, 環境舒適], 客層族群：[跨性別友善空間, 遊客, 適合團體, 適合闔家光臨, LGBTQ+ 友善空間], 規劃：[接受訂位], 付款方式：[信用卡, NFC 行動支付], 兒童：[兒童高腳椅, 適合兒童], 停車場：[收費停車場], 寵物：[允許狗狗入內, 允許帶狗進入戶外區域, 可帶狗入住]",火鍋,4.3,無價位資訊,28700002.jpg,已完成
28700003,來一品火鍋-基隆自助式吃到飽鍋物/慶生/約會/聚餐/特色,,"25.1419342,121.7077238",星期四、16:00 到 23:00; 星期五、16:00 到 23:00; 星期六、12:00 到 16:00、17:00 到 23:00; 星期日、12:00 到 16:00、17:00 到 23:00; 星期一、休息; 星期二、16:00 到 23:00; 星期三、16:00 到 23:00,https://www.facebook.com/share/1DJcUZ1oT6/?mibextid=wwXIfr,無簡述,"無障礙程度：[無障礙座位, 無障礙停車場], 服務項目：[內用, 外送, 外帶], 熱門原因：[晚餐, 獨自用餐], 產品/服務：[全素餐點, 咖啡, 宵夜, 提供素食料理], 用餐選擇：[晚餐, 餐飲服務, 甜點, 座位], 設施：[洗手間], 氣氛：[環境舒適], 客層族群：[大專院校學生, 遊客, 適合團體, 適合闔家光臨, LGBTQ+ 友善空間], 規劃：[需要預訂, 接受訂位], 付款方式：[只收現金], 兒童：[兒童高腳椅, 適合兒童], 停車場：[停車位不好找, 免費路邊停車格], 寵物：[可帶狗入住]",火鍋,4.9,無價位資訊,28700003.jpg,已完成
28700004,川鼎鍋物ㅣ火鍋ㅣ平價ㅣ宵夜ㅣ最後收客時間24：00,10491台北市中山區長春路130號,"25.0546684,121.5310437",星期三、11:00 到 14:00、18:00 到 02:00; 星期四、11:00 到 14:00、18:00 到 02:00; 星期五、11:00 到 14:00、18:00 到 02:00; 星期六、18:00 到 02:00; 星期日、17:00 到 02:00; 星期一、11:00 到 14:00、18:00 到 02:00; 星期二、11:00 到 14:00、18:00 到 02:00,https://www.facebook.com/%E5%B7%9D%E9%BC%8E%E7%B2%BE%E7%B7%BB%E9%8D%8B%E7%89%A9-113925830026472/,無簡述,"無障礙程度：[設有磁感應線圈助聽系統輔助, 無障礙入口, 無障礙洗手間, 無障礙座位, 無障礙停車場], 服務項目：[外送, 外帶, 內用], 熱門原因：[午餐, 晚餐, 獨自用餐], 產品/服務：[全素餐點, 咖啡, 宵夜, 酒精飲料, 啤酒, 提供素食料理], 用餐選擇：[午餐, 晚餐, 餐飲服務, 甜點], 設施：[洗手間], 氣氛：[休閒, 環境舒適], 客層族群：[遊客, 適合團體], 規劃：[接受訂位], 付款方式：[只收現金], 兒童：[適合兒童], 停車場：[收費路邊停車格], 寵物：[允許狗狗入內]",火鍋,4.8,無價位資訊,28700004.jpg,未完成
28700005,武崙168鍋坊,,"25.140407,121.7094226",星期四、10:00 到 14:30、17:00 到 22:00; 星期五、10:00 到 14:30、17:00 到 22:00; 星期六、10:00 到 14:30、17:00 到 22:00; 星期日、10:00 到 14:30、15:00 到 22:00; 星期一、10:00 到 14:30、15:00 到 22:00; 星期二、休息; 星期三、10:00 到 14:30、17:00 到 22:00,無官方網站,無簡述,"無障礙程度：[無障礙座位, 無障礙停車場], 服務項目：[外帶, 內用, 外送], 熱門原因：[午餐, 晚餐, 獨自用餐], 產品/服務：[咖啡], 用餐選擇：[午餐, 晚餐, 餐飲服務, 甜點, 座位], 設施：[洗手間], 氣氛：[休閒, 環境舒適], 客層族群：[適合團體], 規劃：[接受訂位], 兒童：[兒童高腳椅, 適合兒童]",火鍋,3.9,無價位資訊,28700005.jpg,已完成
28700006,築間幸福鍋物 內湖成功店,114台北市內湖區成功路四段34號1樓,"25.0818161,121.5916764",星期三、11:00 到 01:30; 星期四、11:00 到 01:30; 星期五、11:00 到 01:30; 星期六、11:00 到 01:30; 星期日、11:00 到 01:30; 星期一、11:00 到 01:30; 星期二、11:00 到 01:30,https://www.jhujian.com.tw/,無簡述,"無障礙程度：[無障礙座位, 無障礙入口, 無障礙停車場], 服務項目：[店外取貨, 外帶, 內用, 外送], 熱門原因：[午餐, 晚餐, 獨自用餐], 產品/服務：[小菜, 全素餐點, 吃到飽, 有機餐點, 沙拉吧, 咖啡, 宵夜, 提供素食料理], 用餐選擇：[早午餐, 午餐, 晚餐, 餐飲服務, 甜點, 座位], 設施：[洗手間], 氣氛：[休閒, 環境舒適], 客層族群：[大專院校學生, 遊客, 適合團體, 適合闔家光臨], 規劃：[需要預訂, 接受訂位, 經常需要等候], 付款方式：[信用卡, 簽帳金融卡, NFC 行動支付], 兒童：[兒童高腳椅, 適合兒童], 停車場：[收費停車場, 停車位不好找]",火鍋,4.6,無價位資訊,28700006.jpg,未完成
28700007,竹味亭精緻火鍋,,"25.0687964,121.6381757",星期四、11:30 到 14:30、17:00 到 21:30; 星期五、11:30 到 14:30、17:00 到 21:30; 星期六、11:30 到 21:30; 星期日、11:30 到 21:30; 星期一、17:00 到 21:30; 星期二、17:00 到 21:30; 星期三、11:30 到 14:30、17:00 到 21:30,https://www.facebook.com/ting20121230,無簡述,"無障礙程度：[無障礙入口, 無障礙座位, 無障礙停車場], 服務項目：[外送, 外帶, 內用], 熱門原因：[午餐, 晚餐, 獨自用餐], 產品/服務：[咖啡], 用餐選擇：[午餐, 晚餐, 餐飲服務, 甜點, 座位], 設施：[洗手間], 氣氛：[休閒, 環境舒適], 客層族群：[遊客, 適合團體], 規劃：[接受訂位], 付款方式：[信用卡], 兒童：[兒童高腳椅, 適合兒童]",火鍋,4.7,無價位資訊,28700007.jpg,已完成
28700008,川鼎鍋物ㅣ火鍋ㅣ平價ㅣ宵夜ㅣ最後收客時間24：00,,"25.0546684,121.5310437",星期四、11:00 到 14:00、18:00 到 02:00; 星期五、11:00 到 14:00、18:00 到 02:00; 星期六、18:00 到 02:00; 星期日、17:00 到 02:00; 星期一、11:00 到 14:00、18:00 到 02:00; 星期二、11:00 到 14:00、18:00 到 02:00; 星期三、11:00 到 14:00、18:00 到 02:00,https://www.facebook.com/%E5%B7%9D%E9%BC%8E%E7%B2%BE%E7%B7%BB%E9%8D%8B%E7%89%A9-113925830026472/,無簡述,"無障礙程度：[設有磁感應線圈助聽系統輔助, 無障礙入口, 無障礙洗手間, 無障礙座位, 無障礙停車場], 服務項目：[外送, 外帶, 內用], 熱門原因：[午餐, 晚餐, 獨自用餐], 產品/服務：[全素餐點, 咖啡, 宵夜, 酒精飲料, 啤酒, 提供素食料理], 用餐選擇：[午餐, 晚餐, 餐飲服務, 甜點], 設施：[洗手間], 氣氛：[休閒, 環境舒適], 客層族群：[遊客, 適合團體], 規劃：[接受訂位], 付款方式：[只收現金], 兒童：[適合兒童], 停車場：[收費路邊停車格], 寵物：[允許狗狗入內]",火鍋,4.8,無價位資訊,28700008.jpg,已完成
28700009,魯山人和風壽喜鍋物-汐止店 和牛/海鮮/壽喜燒/火鍋/吃到飽/宵夜,,"25.0649036,121.6328872",星期四、11:30 到 22:30; 星期五、11:30 到 22:30; 星期六、11:30 到 22:30; 星期日、11:30 到 22:30; 星期一、11:30 到 22:30; 星期二、11:30 到 22:30; 星期三、11:30 到 22:30,http://sukiyaki.tw/,無簡述,"無障礙程度：[無障礙入口, 無障礙座位, 無障礙停車場], 由商家提供：[業主為女性的商家], 服務項目：[內用, 外送, 外帶], 特色：[茶種多樣], 熱門原因：[午餐, 晚餐, 獨自用餐], 產品/服務：[小菜, 全素餐點, 吃到飽, 沙拉吧, 咖啡, 宵夜, 提供素食料理], 用餐選擇：[午餐, 晚餐, 餐飲服務, 櫃檯點餐服務, 甜點, 座位], 設施：[洗手間, Wi-Fi, 提供免費 Wi-Fi], 氣氛：[休閒, 環境舒適], 客層族群：[大專院校學生, 遊客, 適合團體, 適合闔家光臨], 規劃：[需要預訂, 接受訂位], 付款方式：[信用卡], 兒童：[有尿布台, 兒童高腳椅, 兒童菜單, 適合兒童], 停車場：[收費停車場, 停車位很難找, 免費停車場]",火鍋,4.9,無價位資訊,28700009.jpg,已完成
28700010,八方悅鍋物 內湖AIT店,,"25.0788955,121.5981827",星期三、23:00 到 00:00; 星期四、00:00 到 09:30、11:00 到 21:30; 星期五、11:00 到 21:30; 星期六、11:00 到 21:30; 星期日、11:00 到 21:30; 星期一、11:00 到 21:30; 星期二、11:00 到 21:30,無官方網站,無簡述,"無障礙程度：[無障礙入口, 無障礙座位, 無障礙停車場], 服務項目：[外帶, 內用, 外送], 熱門原因：[午餐, 晚餐, 獨自用餐], 產品/服務：[吃到飽, 咖啡], 用餐選擇：[午餐, 晚餐, 餐飲服務, 甜點, 座位], 設施：[洗手間], 氣氛：[休閒, 環境舒適], 客層族群：[大專院校學生, 遊客, 適合團體], 規劃：[接受訂位], 付款方式：[只收現金], 兒童：[兒童高腳椅, 適合兒童], 停車場：[收費路邊停車格, 停車位不好找]",火鍋,4.5,無價位資訊,28700010.jpg,未完成
